,Movie_name,Year,Metascore,IMDB_score,Movie_rating,Votes,Domestic_gross,Director,Genres
0,The Trial of the Chicago 7,2020,76.0,7.9,R,51023,,Aaron Sorkin,"Drama, History, Thriller            "
1,Halloween,1978,87.0,7.8,R,229669,47.0,John Carpenter,"Horror, Thriller            "
2,Tenet,2020,69.0,7.8,PG-13,143111,53.8,Christopher Nolan,"Action, Sci-Fi            "
3,The Untouchables,1987,79.0,7.9,R,276401,76.27,Brian De Palma,"Crime, Drama, Thriller            "
4,The Nightmare Before Christmas,1993,82.0,8.0,PG,292915,75.08,Henry Selick,"Animation, Family, Fantasy            "
5,The Gentlemen,2019,51.0,7.8,R,202339,,Guy Ritchie,"Action, Comedy, Crime            "
6,Harry Potter and the Sorcerer's Stone,2001,64.0,7.6,PG,639685,317.58,Chris Columbus,"Adventure, Family, Fantasy            "
7,V for Vendetta,2005,62.0,8.2,R,1019172,70.51,James McTeigue,"Action, Drama, Sci-Fi            "
8,Goldfinger,1964,87.0,7.7,PG,170639,51.08,Guy Hamilton,"Action, Adventure, Thriller            "
9,Knives Out,2019,82.0,7.9,PG-13,412515,165.36,Rian Johnson,"Comedy, Crime, Drama            "
10,The Shining,1980,66.0,8.4,R,882908,44.02,Stanley Kubrick,"Drama, Horror            "
11,Parasite,2019,96.0,8.6,R,503787,53.37,Bong Joon Ho,"Comedy, Drama, Thriller            "
12,The Hunt for Red October,1990,58.0,7.6,PG,177528,122.01,John McTiernan,"Action, Adventure, Thriller            "
13,Indiana Jones and the Last Crusade,1989,65.0,8.2,PG-13,683066,197.17,Steven Spielberg,"Action, Adventure            "
14,Once Upon a Time... In Hollywood,2019,83.0,7.6,R,526700,142.5,Quentin Tarantino,"Comedy, Drama            "
15,Coco,2017,81.0,8.4,PG,363259,209.73,Lee Unkrich,"Animation, Adventure, Family            "
16,The Name of the Rose,1986,54.0,7.7,R,100631,7.15,Jean-Jacques Annaud,"Crime, Drama, Mystery            "
17,The Godfather,1972,100.0,9.2,R,1589870,134.97,Francis Ford Coppola,"Crime, Drama            "
18,1917,2019,78.0,8.3,R,387027,159.23,Sam Mendes,"Drama, War            "
19,The Man Who Would Be King,1975,91.0,7.8,PG,43830,,John Huston,"Adventure, History, War            "
20,The Exorcist,1973,81.0,8.0,R,358815,232.91,William Friedkin,Horror            
21,Joker,2019,59.0,8.5,R,891742,335.45,Todd Phillips,"Crime, Drama, Thriller            "
22,Avengers: Endgame,2019,78.0,8.4,PG-13,777584,858.37,Anthony Russo,"Action, Adventure, Drama            "
23,The Silence of the Lambs,1991,85.0,8.6,R,1249400,130.74,Jonathan Demme,"Crime, Drama, Thriller            "
24,Get Out,2017,85.0,7.7,R,481192,176.04,Jordan Peele,"Horror, Mystery, Thriller            "
25,The Shawshank Redemption,1994,80.0,9.3,R,2303591,28.34,Frank Darabont,Drama            
26,Interstellar,2014,74.0,8.6,PG-13,1474989,188.02,Christopher Nolan,"Adventure, Drama, Sci-Fi            "
27,One Flew Over the Cuckoo's Nest,1975,83.0,8.7,R,904411,112.0,Milos Forman,Drama            
28,Ghostbusters,1984,71.0,7.8,PG,350962,238.63,Ivan Reitman,"Action, Comedy, Fantasy            "
29,Rebecca,1940,86.0,8.1,Approved,121733,4.36,Alfred Hitchcock,"Drama, Mystery, Romance            "
30,Spider-Man: Into the Spider-Verse,2018,87.0,8.4,PG,349655,190.24,Bob Persichetti,"Animation, Action, Adventure            "
31,Hamilton,2020,90.0,8.6,PG-13,45924,,Thomas Kail,"Biography, Drama, History            "
32,Goodfellas,1990,90.0,8.7,R,1002797,46.84,Martin Scorsese,"Biography, Crime, Drama            "
33,Back to the Future,1985,87.0,8.5,PG,1039776,210.61,Robert Zemeckis,"Adventure, Comedy, Sci-Fi            "
34,The Wolf of Wall Street,2013,75.0,8.2,R,1157370,116.9,Martin Scorsese,"Biography, Crime, Drama            "
35,Pulp Fiction,1994,94.0,8.9,R,1798243,107.93,Quentin Tarantino,"Crime, Drama            "
36,Inglourious Basterds,2009,69.0,8.3,R,1244009,120.54,Quentin Tarantino,"Adventure, Drama, War            "
37,The Dark Knight,2008,84.0,9.0,PG-13,2267158,534.86,Christopher Nolan,"Action, Crime, Drama            "
38,The Thing,1982,57.0,8.1,R,365642,13.78,John Carpenter,"Horror, Mystery, Sci-Fi            "
39,Little Women,2019,91.0,7.8,PG,130459,108.1,Greta Gerwig,"Drama, Romance            "
40,Harry Potter and the Goblet of Fire,2005,81.0,7.7,PG-13,537543,290.01,Mike Newell,"Adventure, Family, Fantasy            "
41,The Lord of the Rings: The Fellowship of the Ring,2001,92.0,8.8,PG-13,1634433,315.54,Peter Jackson,"Action, Adventure, Drama            "
42,Titanic,1997,75.0,7.8,PG-13,1031257,659.33,James Cameron,"Drama, Romance            "
43,Love Actually,2003,55.0,7.6,R,418267,59.7,Richard Curtis,"Comedy, Drama, Romance            "
44,Blade Runner 2049,2017,81.0,8.0,R,449498,92.05,Denis Villeneuve,"Action, Drama, Mystery            "
45,Inception,2010,74.0,8.8,PG-13,2029242,292.58,Christopher Nolan,"Action, Adventure, Sci-Fi            "
46,Dazed and Confused,1993,78.0,7.6,R,163116,7.99,Richard Linklater,Comedy            
47,Ford v Ferrari,2019,81.0,8.1,PG-13,270868,117.62,James Mangold,"Action, Biography, Drama            "
48,The Matrix,1999,73.0,8.7,R,1648858,171.48,Lana Wachowski,"Action, Sci-Fi            "
49,Alien,1979,89.0,8.4,R,777005,78.9,Ridley Scott,"Horror, Sci-Fi            "
50,Jojo Rabbit,2019,58.0,7.9,PG-13,272074,0.35,Taika Waititi,"Comedy, Drama, War            "
51,The Big Lebowski,1998,71.0,8.1,R,721728,17.5,Joel Coen,"Comedy, Crime, Sport            "
52,A Clockwork Orange,1971,77.0,8.3,R,747446,6.21,Stanley Kubrick,"Crime, Drama, Sci-Fi            "
53,Se7en,1995,65.0,8.6,R,1419116,100.13,David Fincher,"Crime, Drama, Mystery            "
54,Moneyball,2011,87.0,7.6,PG-13,361935,75.61,Bennett Miller,"Biography, Drama, Sport            "
55,Zodiac,2007,78.0,7.7,R,453501,33.08,David Fincher,"Crime, Drama, Mystery            "
56,Casino Royale,2006,80.0,8.0,PG-13,575100,167.45,Martin Campbell,"Action, Adventure, Thriller            "
57,Psycho,1960,97.0,8.5,R,594993,32.0,Alfred Hitchcock,"Horror, Mystery, Thriller            "
58,Apocalypse Now,1979,94.0,8.4,R,597426,83.47,Francis Ford Coppola,"Drama, Mystery, War            "
59,Coraline,2009,80.0,7.7,PG,194573,75.29,Henry Selick,"Animation, Drama, Family            "
60,Fargo,1996,85.0,8.1,R,607452,24.61,Joel Coen,"Crime, Drama, Thriller            "
61,Harry Potter and the Deathly Hallows: Part 2,2011,85.0,8.1,PG-13,751260,381.01,David Yates,"Adventure, Drama, Fantasy            "
62,Fight Club,1999,66.0,8.8,R,1825639,37.03,David Fincher,Drama            
63,Forrest Gump,1994,82.0,8.8,PG-13,1775363,330.25,Robert Zemeckis,"Drama, Romance            "
64,The Prestige,2006,66.0,8.5,PG-13,1168941,53.09,Christopher Nolan,"Drama, Mystery, Sci-Fi            "
65,The Departed,2006,85.0,8.5,R,1171050,132.38,Martin Scorsese,"Crime, Drama, Thriller            "
66,Harry Potter and the Prisoner of Azkaban,2004,82.0,7.9,PG,540832,249.36,Alfonso Cuarón,"Adventure, Family, Fantasy            "
67,The Fifth Element,1997,52.0,7.7,PG-13,428995,63.54,Luc Besson,"Action, Adventure, Sci-Fi            "
68,Star Wars: Episode IV - A New Hope,1977,90.0,8.6,PG,1213936,322.74,George Lucas,"Action, Adventure, Fantasy            "
69,Dr. Strangelove or: How I Learned to Stop Worrying and Love the Bomb,1964,97.0,8.4,PG,444945,0.28,Stanley Kubrick,Comedy            
70,Edward Scissorhands,1990,74.0,7.9,PG-13,441708,56.36,Tim Burton,"Drama, Fantasy, Romance            "
71,Home Alone,1990,63.0,7.6,PG,455928,285.76,Chris Columbus,"Comedy, Family            "
72,Young Frankenstein,1974,80.0,8.0,PG,141832,86.3,Mel Brooks,Comedy            
73,Mad Max: Fury Road,2015,90.0,8.1,R,866195,154.06,George Miller,"Action, Adventure, Sci-Fi            "
74,Full Metal Jacket,1987,76.0,8.3,R,665221,46.36,Stanley Kubrick,"Drama, War            "
75,Léon: The Professional,1994,64.0,8.5,R,1018522,19.5,Luc Besson,"Action, Crime, Drama            "
76,Raiders of the Lost Ark,1981,85.0,8.4,PG,872797,248.16,Steven Spielberg,"Action, Adventure            "
77,About Time,2013,55.0,7.8,R,294180,15.32,Richard Curtis,"Comedy, Drama, Fantasy            "
78,Gladiator,2000,67.0,8.5,R,1320782,187.71,Ridley Scott,"Action, Adventure, Drama            "
79,The Dark Knight Rises,2012,78.0,8.4,PG-13,1495138,448.14,Christopher Nolan,"Action, Adventure            "
80,Ocean's Eleven,2001,74.0,7.7,PG-13,508732,183.42,Steven Soderbergh,"Crime, Thriller            "
81,Django Unchained,2012,81.0,8.4,R,1333122,162.81,Quentin Tarantino,"Drama, Western            "
82,The Godfather: Part II,1974,90.0,9.0,R,1110803,57.3,Francis Ford Coppola,"Crime, Drama            "
83,Pride & Prejudice,2005,82.0,7.8,PG,252667,38.41,Joe Wright,"Drama, Romance            "
84,American Beauty,1999,84.0,8.3,R,1057144,130.1,Sam Mendes,Drama            
85,The Irishman,2019,94.0,7.9,R,312136,7.0,Martin Scorsese,"Biography, Crime, Drama            "
86,Gone Girl,2014,79.0,8.1,R,843352,167.77,David Fincher,"Drama, Mystery, Thriller            "
87,E.T. the Extra-Terrestrial,1982,91.0,7.8,PG,366669,435.11,Steven Spielberg,"Family, Sci-Fi            "
88,The Sixth Sense,1999,64.0,8.1,PG-13,901399,293.51,M. Night Shyamalan,"Drama, Mystery, Thriller            "
89,Thor: Ragnarok,2017,74.0,7.9,PG-13,573442,315.06,Taika Waititi,"Action, Adventure, Comedy            "
90,The Lord of the Rings: The Return of the King,2003,94.0,8.9,PG-13,1618596,377.85,Peter Jackson,"Action, Adventure, Drama            "
91,Requiem for a Dream,2000,68.0,8.3,R,755822,3.64,Darren Aronofsky,Drama            
92,Avengers: Infinity War,2018,68.0,8.4,PG-13,811045,678.82,Anthony Russo,"Action, Adventure, Sci-Fi            "
93,American Psycho,2000,64.0,7.6,R,480605,15.07,Mary Harron,"Comedy, Crime, Drama            "
94,Deadpool,2016,65.0,8.0,R,889607,363.07,Tim Miller,"Action, Adventure, Comedy            "
95,Donnie Darko,2001,88.0,8.0,R,732867,1.48,Richard Kelly,"Drama, Mystery, Sci-Fi            "
96,Call Me by Your Name,2017,93.0,7.9,R,204420,18.1,Luca Guadagnino,"Drama, Romance            "
97,Jurassic Park,1993,68.0,8.1,PG-13,854774,402.45,Steven Spielberg,"Action, Adventure, Sci-Fi            "
98,The Princess Bride,1987,77.0,8.1,PG,389029,30.86,Rob Reiner,"Adventure, Family, Fantasy            "
99,The Green Mile,1999,61.0,8.6,R,1126275,136.8,Frank Darabont,"Crime, Drama, Fantasy            "
100,What We Do in the Shadows,2014,76.0,7.7,R,154016,3.33,Jemaine Clement,"Comedy, Horror            "
101,No Country for Old Men,2007,91.0,8.1,R,841272,74.28,Ethan Coen,"Crime, Drama, Thriller            "
102,Schindler's List,1993,94.0,8.9,R,1195308,96.9,Steven Spielberg,"Biography, Drama, History            "
103,The Goonies,1985,62.0,7.8,PG,240801,61.5,Richard Donner,"Adventure, Comedy, Family            "
104,Guardians of the Galaxy,2014,76.0,8.0,PG-13,1030910,333.18,James Gunn,"Action, Adventure, Comedy            "
105,Pirates of the Caribbean: The Curse of the Black Pearl,2003,63.0,8.0,PG-13,1006600,305.41,Gore Verbinski,"Action, Adventure, Fantasy            "
106,Watchmen,2009,56.0,7.6,R,495632,107.51,Zack Snyder,"Action, Drama, Mystery            "
107,Blazing Saddles,1974,73.0,7.7,R,124553,119.5,Mel Brooks,"Comedy, Western            "
108,The Peanut Butter Falcon,2019,70.0,7.6,PG-13,58946,13.12,Tyler Nilson,"Adventure, Comedy, Drama            "
109,Baby Driver,2017,86.0,7.6,R,429142,107.83,Edgar Wright,"Action, Crime, Music            "
110,Moana,2016,81.0,7.6,PG,265488,248.76,Ron Clements,"Animation, Adventure, Comedy            "
111,Avatar,2009,83.0,7.8,PG-13,1107952,760.51,James Cameron,"Action, Adventure, Fantasy            "
112,Harry Potter and the Half-Blood Prince,2009,78.0,7.6,PG,464454,301.96,David Yates,"Action, Adventure, Family            "
113,Taxi Driver,1976,94.0,8.3,R,711806,28.26,Martin Scorsese,"Crime, Drama            "
114,Saw,2004,46.0,7.6,R,375296,56.0,James Wan,"Horror, Mystery            "
115,Prisoners,2013,70.0,8.1,R,588965,61.0,Denis Villeneuve,"Crime, Drama, Mystery            "
116,Shutter Island,2010,63.0,8.2,R,1109211,128.01,Martin Scorsese,"Mystery, Thriller            "
117,Whiplash,2014,88.0,8.5,R,700709,13.09,Damien Chazelle,"Drama, Music            "
118,Shaun of the Dead,2004,76.0,7.9,R,506601,13.54,Edgar Wright,"Comedy, Horror            "
119,The Lord of the Rings: The Two Towers,2002,87.0,8.7,PG-13,1463058,342.55,Peter Jackson,"Action, Adventure, Drama            "
120,Rosemary's Baby,1968,96.0,8.0,Approved,190735,,Roman Polanski,"Drama, Horror            "
121,Green Book,2018,69.0,8.2,PG-13,353334,85.08,Peter Farrelly,"Biography, Comedy, Drama            "
122,Mission: Impossible - Fallout,2018,86.0,7.7,PG-13,285195,220.16,Christopher McQuarrie,"Action, Adventure, Thriller            "
123,Logan,2017,77.0,8.1,R,635515,226.28,James Mangold,"Action, Drama, Sci-Fi            "
124,Vertigo,1958,100.0,8.3,PG,358120,3.2,Alfred Hitchcock,"Mystery, Romance, Thriller            "
125,Harry Potter and the Deathly Hallows: Part 1,2010,65.0,7.7,PG-13,469177,295.98,David Yates,"Adventure, Family, Fantasy            "
126,Rogue One: A Star Wars Story,2016,65.0,7.8,PG-13,544157,532.18,Gareth Edwards,"Action, Adventure, Sci-Fi            "
127,Saving Private Ryan,1998,91.0,8.6,R,1216252,216.54,Steven Spielberg,"Drama, War            "
128,Hacksaw Ridge,2016,71.0,8.1,R,425144,67.21,Mel Gibson,"Biography, Drama, History            "
129,Star Wars: Episode VI - Return of the Jedi,1983,58.0,8.3,PG,936131,309.13,Richard Marquand,"Action, Adventure, Fantasy            "
130,American Gangster,2007,76.0,7.8,R,386553,130.16,Ridley Scott,"Biography, Crime, Drama            "
131,The Curious Case of Benjamin Button,2008,70.0,7.8,PG-13,580717,127.51,David Fincher,"Drama, Fantasy, Romance            "
132,The Hobbit: An Unexpected Journey,2012,58.0,7.8,PG-13,749798,303.0,Peter Jackson,"Adventure, Fantasy            "
133,Deadpool 2,2018,66.0,7.7,R,467619,324.59,David Leitch,"Action, Adventure, Comedy            "
134,Skyfall,2012,81.0,7.7,PG-13,624218,304.36,Sam Mendes,"Action, Adventure, Thriller            "
135,Blade Runner,1982,84.0,8.1,R,684421,32.87,Ridley Scott,"Action, Sci-Fi, Thriller            "
136,The Grand Budapest Hotel,2014,88.0,8.1,R,694855,59.1,Wes Anderson,"Adventure, Comedy, Crime            "
137,The Usual Suspects,1995,77.0,8.5,R,977755,23.34,Bryan Singer,"Crime, Mystery, Thriller            "
138,Aliens,1986,84.0,8.3,R,645136,85.16,James Cameron,"Action, Adventure, Sci-Fi            "
139,The Social Network,2010,95.0,7.7,PG-13,615210,96.96,David Fincher,"Biography, Drama            "
140,Dunkirk,2017,94.0,7.9,PG-13,541251,188.37,Christopher Nolan,"Action, Drama, History            "
141,Almost Famous,2000,90.0,7.9,R,249701,32.53,Cameron Crowe,"Adventure, Comedy, Drama            "
142,Star Wars: Episode V - The Empire Strikes Back,1980,82.0,8.7,PG,1142158,290.48,Irvin Kershner,"Action, Adventure, Fantasy            "
143,Batman Begins,2005,70.0,8.2,PG-13,1290530,206.85,Christopher Nolan,"Action, Adventure            "
144,The Hateful Eight,2015,68.0,7.8,R,505476,54.12,Quentin Tarantino,"Crime, Drama, Mystery            "
145,Iron Man,2008,79.0,7.9,PG-13,927677,318.41,Jon Favreau,"Action, Adventure, Sci-Fi            "
146,Die Hard,1988,72.0,8.2,R,773862,83.01,John McTiernan,"Action, Thriller            "
147,Good Will Hunting,1997,70.0,8.3,R,846890,138.43,Gus Van Sant,"Drama, Romance            "
148,The Notebook,2004,53.0,7.8,PG-13,512951,81.0,Nick Cassavetes,"Drama, Romance            "
149,Portrait of a Lady on Fire,2019,95.0,8.1,R,55387,3.76,Céline Sciamma,"Drama, Romance            "
150,28 Days Later...,2002,73.0,7.6,R,372618,45.06,Danny Boyle,"Drama, Horror, Sci-Fi            "
151,Guardians of the Galaxy Vol. 2,2017,67.0,7.6,PG-13,557810,389.81,James Gunn,"Action, Adventure, Comedy            "
152,The Big Short,2015,81.0,7.8,R,353889,70.26,Adam McKay,"Biography, Comedy, Drama            "
153,Her,2013,90.0,8.0,R,530569,25.57,Spike Jonze,"Drama, Romance, Sci-Fi            "
154,Eternal Sunshine of the Spotless Mind,2004,89.0,8.3,R,898902,34.4,Michel Gondry,"Drama, Romance, Sci-Fi            "
155,The Avengers,2012,69.0,8.0,PG-13,1248570,623.28,Joss Whedon,"Action, Adventure, Sci-Fi            "
156,12 Angry Men,1957,96.0,9.0,Approved,677057,4.36,Sidney Lumet,"Crime, Drama            "
157,Spirited Away,2001,96.0,8.6,PG,636539,10.06,Hayao Miyazaki,"Animation, Adventure, Family            "
158,Pan's Labyrinth,2006,98.0,8.2,R,611791,37.63,Guillermo del Toro,"Drama, Fantasy, War            "
159,Platoon,1986,92.0,8.1,R,376332,138.53,Oliver Stone,"Drama, War            "
160,The Lion King,1994,88.0,8.5,G,926796,422.78,Roger Allers,"Animation, Adventure, Drama            "
161,Dallas Buyers Club,2013,80.0,8.0,R,434278,27.3,Jean-Marc Vallée,"Biography, Drama            "
162,Braveheart,1995,68.0,8.3,R,948433,75.6,Mel Gibson,"Biography, Drama, History            "
163,Bohemian Rhapsody,2018,49.0,8.0,PG-13,439706,216.43,Bryan Singer,"Biography, Drama, Music            "
164,There Will Be Blood,2007,93.0,8.2,R,508590,40.22,Paul Thomas Anderson,Drama            
165,The Girl with the Dragon Tattoo,2011,71.0,7.8,R,415460,102.52,David Fincher,"Crime, Drama, Mystery            "
166,Star Wars: Episode VII - The Force Awakens,2015,80.0,7.9,PG-13,850403,936.66,J.J. Abrams,"Action, Adventure, Sci-Fi            "
167,The Help,2011,62.0,8.0,PG-13,422886,169.71,Tate Taylor,Drama            
168,The Others,2001,74.0,7.6,PG-13,333621,96.52,Alejandro Amenábar,"Horror, Mystery, Thriller            "
169,Memento,2000,80.0,8.4,R,1110053,25.54,Christopher Nolan,"Mystery, Thriller            "
170,The Birds,1963,90.0,7.7,PG-13,169335,11.4,Alfred Hitchcock,"Drama, Horror, Mystery            "
171,La La Land,2016,94.0,8.0,PG-13,494236,151.1,Damien Chazelle,"Comedy, Drama, Music            "
172,Terminator 2: Judgment Day,1991,75.0,8.5,R,983289,204.84,James Cameron,"Action, Sci-Fi            "
173,"O Brother, Where Art Thou?",2000,69.0,7.7,PG-13,281862,45.51,Joel Coen,"Adventure, Comedy, Crime            "
174,Kingsman: The Secret Service,2014,60.0,7.7,R,583827,128.26,Matthew Vaughn,"Action, Adventure, Comedy            "
175,Heat,1995,76.0,8.2,R,568008,67.44,Michael Mann,"Crime, Drama, Thriller            "
176,The Bourne Identity,2002,68.0,7.9,PG-13,502664,121.66,Doug Liman,"Action, Mystery, Thriller            "
177,A Star Is Born,2018,88.0,7.6,R,324847,215.29,Bradley Cooper,"Drama, Music, Romance            "
178,Toy Story,1995,95.0,8.3,G,873351,191.8,John Lasseter,"Animation, Adventure, Comedy            "
179,Memories of Murder,2003,82.0,8.1,Not Rated,132733,0.01,Bong Joon Ho,"Action, Crime, Drama            "
180,Airplane!,1980,78.0,7.7,PG,211305,83.4,Jim Abrahams,Comedy            
181,Toy Story 4,2019,84.0,7.8,G,194503,434.04,Josh Cooley,"Animation, Adventure, Comedy            "
182,Stardust,2007,66.0,7.6,PG-13,252131,38.63,Matthew Vaughn,"Adventure, Family, Fantasy            "
183,American History X,1998,62.0,8.5,R,1022392,6.72,Tony Kaye,Drama            
184,Back to the Future Part II,1989,57.0,7.8,PG,473891,118.5,Robert Zemeckis,"Adventure, Comedy, Sci-Fi            "
185,Apollo 13,1995,77.0,7.6,PG,264478,173.84,Ron Howard,"Adventure, Drama, History            "
186,Indiana Jones and the Temple of Doom,1984,57.0,7.6,PG,442486,179.87,Steven Spielberg,"Action, Adventure            "
187,Jaws,1975,87.0,8.0,PG,539033,260.0,Steven Spielberg,"Adventure, Thriller            "
188,Black Swan,2010,79.0,8.0,R,691022,106.95,Darren Aronofsky,"Drama, Thriller            "
189,"Monsters, Inc.",2001,79.0,8.0,G,803054,289.92,Pete Docter,"Animation, Adventure, Comedy            "
190,The Terminator,1984,84.0,8.0,R,791483,38.4,James Cameron,"Action, Sci-Fi            "
191,The Wizard of Oz,1939,92.0,8.0,PG,368163,2.08,Victor Fleming,"Adventure, Family, Fantasy            "
192,Edge of Tomorrow,2014,71.0,7.9,PG-13,591454,100.21,Doug Liman,"Action, Adventure, Sci-Fi            "
193,Star Trek,2009,82.0,7.9,PG-13,573848,257.73,J.J. Abrams,"Action, Adventure, Sci-Fi            "
194,2001: A Space Odyssey,1968,84.0,8.3,G,594250,56.95,Stanley Kubrick,"Adventure, Sci-Fi            "
195,Ex Machina,2014,78.0,7.7,R,467080,25.44,Alex Garland,"Drama, Sci-Fi, Thriller            "
196,300,2006,52.0,7.6,R,726293,210.61,Zack Snyder,"Action, Drama            "
197,Ferris Bueller's Day Off,1986,61.0,7.8,PG-13,317535,70.14,John Hughes,Comedy            
198,The Intouchables,2011,57.0,8.5,R,744923,13.18,Olivier Nakache,"Biography, Comedy, Drama            "
199,Drive,2011,78.0,7.8,R,563525,35.06,Nicolas Winding Refn,"Crime, Drama            "
200,Spotlight,2015,93.0,8.1,R,412036,45.06,Tom McCarthy,"Biography, Crime, Drama            "
201,Scarface,1983,65.0,8.3,R,729049,45.6,Brian De Palma,"Crime, Drama            "
202,The Imitation Game,2014,73.0,8.0,PG-13,674430,91.13,Morten Tyldum,"Biography, Drama, Thriller            "
203,The Deer Hunter,1978,86.0,8.1,R,307186,48.98,Michael Cimino,"Drama, War            "
204,Mulholland Drive,2001,85.0,8.0,R,316587,7.22,David Lynch,"Drama, Mystery, Thriller            "
205,Rocky,1976,70.0,8.1,PG,510909,117.24,John G. Avildsen,"Drama, Sport            "
206,Marriage Story,2019,94.0,8.0,R,235040,2.0,Noah Baumbach,"Comedy, Drama, Romance            "
207,Hot Fuzz,2007,81.0,7.8,R,458073,23.64,Edgar Wright,"Action, Comedy, Mystery            "
208,Blue Velvet,1986,76.0,7.7,R,178448,8.55,David Lynch,"Drama, Mystery, Thriller            "
209,A Beautiful Mind,2001,72.0,8.2,PG-13,835820,170.74,Ron Howard,"Biography, Drama            "
210,Nightcrawler,2014,76.0,7.9,R,455767,32.38,Dan Gilroy,"Crime, Drama, Thriller            "
211,The Perks of Being a Wallflower,2012,67.0,8.0,PG-13,455751,17.74,Stephen Chbosky,"Drama, Romance            "
212,The Invisible Guest,2016,,8.1,TV-MA,132494,,Oriol Paulo,"Crime, Drama, Mystery            "
213,The Revenant,2015,76.0,8.0,R,692267,183.64,Alejandro G. Iñárritu,"Action, Adventure, Drama            "
214,"Three Billboards Outside Ebbing, Missouri",2017,88.0,8.2,R,419239,54.51,Martin McDonagh,"Comedy, Crime, Drama            "
215,"The Good, the Bad and the Ugly",1966,90.0,8.8,R,678902,6.1,Sergio Leone,Western            
216,Stand by Me,1986,75.0,8.1,R,358868,52.29,Rob Reiner,"Adventure, Drama            "
217,Room,2015,86.0,8.1,R,363114,14.68,Lenny Abrahamson,"Drama, Thriller            "
218,Oldboy,2003,77.0,8.4,R,506579,0.71,Chan-wook Park,"Action, Drama, Mystery            "
219,Lost in Translation,2003,89.0,7.7,R,408195,44.59,Sofia Coppola,"Comedy, Drama            "
220,Snatch,2000,55.0,8.3,R,772477,30.33,Guy Ritchie,"Comedy, Crime            "
221,Once Upon a Time in America,1984,,8.4,R,305941,5.32,Sergio Leone,"Crime, Drama            "
222,Inside Out,2015,94.0,8.1,PG,600512,356.46,Pete Docter,"Animation, Adventure, Comedy            "
223,Sin City,2005,74.0,8.0,R,735378,74.1,Frank Miller,"Crime, Thriller            "
224,Casino,1995,73.0,8.2,R,458434,42.44,Martin Scorsese,"Crime, Drama            "
225,Kill Bill: Vol. 1,2003,69.0,8.1,R,986532,70.1,Quentin Tarantino,"Action, Crime, Thriller            "
226,Zootopia,2016,78.0,8.0,PG,426022,341.27,Byron Howard,"Animation, Adventure, Comedy            "
227,Dead Poets Society,1989,79.0,8.1,PG,416391,95.86,Peter Weir,"Comedy, Drama            "
228,Catch Me If You Can,2002,75.0,8.1,PG-13,811933,164.62,Steven Spielberg,"Biography, Crime, Drama            "
229,Boogie Nights,1997,85.0,7.9,R,236104,26.4,Paul Thomas Anderson,Drama            
230,Arrival,2016,81.0,7.9,PG-13,582951,100.55,Denis Villeneuve,"Drama, Mystery, Sci-Fi            "
231,Hidden Figures,2016,74.0,7.8,PG,196315,169.61,Theodore Melfi,"Biography, Drama, History            "
232,Life Is Beautiful,1997,59.0,8.6,PG-13,612764,57.6,Roberto Benigni,"Comedy, Drama, Romance            "
233,Zombieland,2009,73.0,7.6,R,514774,75.59,Ruben Fleischer,"Adventure, Comedy, Fantasy            "
234,Atonement,2007,85.0,7.8,R,247188,50.93,Joe Wright,"Drama, Mystery, Romance            "
235,The Breakfast Club,1985,66.0,7.8,R,352815,45.88,John Hughes,"Comedy, Drama            "
236,Wonder,2017,66.0,8.0,PG,137189,132.42,Stephen Chbosky,"Drama, Family            "
237,Predator,1987,45.0,7.8,R,367310,59.74,John McTiernan,"Action, Adventure, Sci-Fi            "
238,The Longest Day,1962,75.0,7.8,G,51706,39.1,Ken Annakin,"Action, Drama, History            "
239,National Lampoon's Christmas Vacation,1989,49.0,7.6,PG-13,149082,71.32,Jeremiah S. Chechik,Comedy            
240,Boyz n the Hood,1991,76.0,7.8,R,123532,57.5,John Singleton,"Crime, Drama            "
241,The Pianist,2002,85.0,8.5,R,716334,32.57,Roman Polanski,"Biography, Drama, Music            "
242,Tombstone,1993,50.0,7.8,R,124486,56.51,George P. Cosmatos,"Action, Biography, Drama            "
243,The Martian,2015,80.0,8.0,PG-13,748176,228.43,Ridley Scott,"Adventure, Drama, Sci-Fi            "
244,Sicario,2015,82.0,7.6,R,365000,46.89,Denis Villeneuve,"Action, Crime, Drama            "
245,The Truman Show,1998,90.0,8.1,PG,922044,125.62,Peter Weir,"Comedy, Drama, Sci-Fi            "
246,Ratatouille,2007,96.0,8.0,G,630814,206.45,Brad Bird,"Animation, Adventure, Comedy            "
247,Reservoir Dogs,1992,79.0,8.3,R,905330,2.83,Quentin Tarantino,"Crime, Drama, Thriller            "
248,Night of the Living Dead,1968,89.0,7.9,Not Rated,115235,0.09,George A. Romero,"Horror, Thriller            "
249,City of God,2002,79.0,8.6,R,691171,7.56,Fernando Meirelles,"Crime, Drama            "
250,Your Name.,2016,79.0,8.4,PG,185261,5.02,Makoto Shinkai,"Animation, Drama, Fantasy            "
251,The Incredibles,2004,90.0,8.0,PG,648208,261.44,Brad Bird,"Animation, Action, Adventure            "
252,Apocalypto,2006,68.0,7.8,R,288157,50.87,Mel Gibson,"Action, Adventure, Drama            "
253,True Romance,1993,59.0,7.9,R,204296,12.28,Tony Scott,"Crime, Drama, Romance            "
254,Trainspotting,1996,83.0,8.1,R,627753,16.5,Danny Boyle,Drama            
255,The Handmaiden,2016,84.0,8.1,Not Rated,108167,2.01,Chan-wook Park,"Drama, Romance, Thriller            "
256,The Hangover,2009,73.0,7.7,R,710366,277.32,Todd Phillips,Comedy            
257,12 Years a Slave,2013,96.0,8.1,R,630686,56.67,Steve McQueen,"Biography, Drama, History            "
258,Misery,1990,75.0,7.8,R,181583,61.28,Rob Reiner,"Drama, Thriller            "
259,Downfall,2004,82.0,8.2,R,327406,5.51,Oliver Hirschbiegel,"Biography, Drama, History            "
260,Scent of a Woman,1992,59.0,8.0,R,257749,63.9,Martin Brest,Drama            
261,Capernaum,2018,75.0,8.4,R,57416,1.66,Nadine Labaki,Drama            
262,Wind River,2017,73.0,7.7,R,198216,33.8,Taylor Sheridan,"Crime, Drama, Mystery            "
263,The Bourne Supremacy,2004,73.0,7.7,PG-13,430009,176.24,Paul Greengrass,"Action, Mystery, Thriller            "
264,Silver Linings Playbook,2012,81.0,7.7,R,654849,132.09,David O. Russell,"Comedy, Drama, Romance            "
265,Captain America: Civil War,2016,75.0,7.8,PG-13,651670,408.08,Anthony Russo,"Action, Adventure, Sci-Fi            "
266,Kick-Ass,2010,66.0,7.6,R,520563,48.07,Matthew Vaughn,"Action, Comedy, Crime            "
267,Willy Wonka & the Chocolate Factory,1971,67.0,7.8,G,175909,4.0,Mel Stuart,"Family, Fantasy, Musical            "
268,Children of Men,2006,84.0,7.9,R,460216,35.55,Alfonso Cuarón,"Adventure, Drama, Sci-Fi            "
269,The Fly,1986,79.0,7.6,R,157618,40.46,David Cronenberg,"Drama, Horror, Sci-Fi            "
270,Big Fish,2003,58.0,8.0,PG-13,411341,66.26,Tim Burton,"Adventure, Drama, Fantasy            "
271,Birdman or (The Unexpected Virtue of Ignorance),2014,87.0,7.7,R,571869,42.34,Alejandro G. Iñárritu,"Comedy, Drama            "
272,Finding Nemo,2003,90.0,8.1,G,936318,380.84,Andrew Stanton,"Animation, Adventure, Comedy            "
273,Citizen Kane,1941,100.0,8.3,PG,393502,1.59,Orson Welles,"Drama, Mystery            "
274,The Sound of Music,1965,63.0,8.0,G,200249,163.21,Robert Wise,"Biography, Drama, Family            "
275,Into the Wild,2007,73.0,8.1,R,565133,18.35,Sean Penn,"Adventure, Biography, Drama            "
276,The Hobbit: The Desolation of Smaug,2013,66.0,7.8,PG-13,594351,258.37,Peter Jackson,"Adventure, Fantasy            "
277,Evil Dead II,1987,72.0,7.8,R,146674,5.92,Sam Raimi,"Action, Comedy, Fantasy            "
278,The Theory of Everything,2014,72.0,7.7,PG-13,396842,35.89,James Marsh,"Biography, Drama, Romance            "
279,Hunt for the Wilderpeople,2016,81.0,7.9,PG-13,107384,5.2,Taika Waititi,"Adventure, Comedy, Drama            "
280,Sleepers,1996,49.0,7.6,R,184864,49.1,Barry Levinson,"Crime, Drama, Thriller            "
281,The Hunt,2012,77.0,8.3,R,273826,0.69,Thomas Vinterberg,Drama            
282,Warrior,2011,71.0,8.2,PG-13,430939,13.66,Gavin O'Connor,"Action, Drama, Sport            "
283,Shrek,2001,84.0,7.8,PG,605497,267.67,Andrew Adamson,"Animation, Adventure, Comedy            "
284,Papillon,1973,58.0,8.0,R,120355,53.27,Franklin J. Schaffner,"Biography, Crime, Drama            "
285,Rear Window,1954,100.0,8.4,PG,437363,36.76,Alfred Hitchcock,"Mystery, Thriller            "
286,Brokeback Mountain,2005,87.0,7.7,R,319434,83.04,Ang Lee,"Drama, Romance            "
287,Manchester by the Sea,2016,96.0,7.8,R,241915,47.7,Kenneth Lonergan,Drama            
288,Come and See,1985,,8.3,Not Rated,56381,,Elem Klimov,"Drama, Thriller, War            "
289,Blue Is the Warmest Colour,2013,89.0,7.7,NC-17,136687,2.2,Abdellatif Kechiche,"Drama, Romance            "
290,Casablanca,1942,100.0,8.5,PG,514844,1.02,Michael Curtiz,"Drama, Romance, War            "
291,The Godfather: Part III,1990,60.0,7.6,R,353437,66.67,Francis Ford Coppola,"Crime, Drama            "
292,Gran Torino,2008,72.0,8.1,R,712694,148.1,Clint Eastwood,Drama            
293,The Pursuit of Happyness,2006,64.0,8.0,PG-13,441543,163.57,Gabriele Muccino,"Biography, Drama            "
294,Captain Fantastic,2016,72.0,7.9,R,185075,5.88,Matt Ross,"Comedy, Drama            "
295,Argo,2012,86.0,7.7,R,566618,136.03,Ben Affleck,"Biography, Drama, Thriller            "
296,The Bourne Ultimatum,2007,85.0,8.0,PG-13,600143,227.47,Paul Greengrass,"Action, Mystery, Thriller            "
297,Mulan,1998,71.0,7.6,G,251717,120.62,Tony Bancroft,"Animation, Adventure, Family            "
298,Gone with the Wind,1939,97.0,8.1,Passed,286289,198.68,Victor Fleming,"Drama, History, Romance            "
299,X-Men: First Class,2011,65.0,7.7,PG-13,640284,146.41,Matthew Vaughn,"Action, Adventure, Sci-Fi            "
300,The Royal Tenenbaums,2001,76.0,7.6,R,263248,52.36,Wes Anderson,"Comedy, Drama            "
301,Sherlock Holmes,2009,57.0,7.6,PG-13,577640,209.03,Guy Ritchie,"Action, Adventure, Mystery            "
302,Moonrise Kingdom,2012,84.0,7.8,PG-13,314535,45.51,Wes Anderson,"Comedy, Drama, Romance            "
303,It's a Wonderful Life,1946,89.0,8.6,PG,391818,,Frank Capra,"Drama, Family, Fantasy            "
304,Unforgiven,1992,85.0,8.2,R,370838,101.16,Clint Eastwood,"Drama, Western            "
305,The Blind Side,2009,53.0,7.6,PG-13,288642,255.96,John Lee Hancock,"Biography, Drama, Sport            "
306,Groundhog Day,1993,72.0,8.0,PG,572652,70.91,Harold Ramis,"Comedy, Fantasy, Romance            "
307,Amélie,2001,69.0,8.3,R,695586,33.23,Jean-Pierre Jeunet,"Comedy, Romance            "
308,Amadeus,1984,88.0,8.3,R,364323,51.97,Milos Forman,"Biography, Drama, History            "
309,Remember the Titans,2000,48.0,7.8,PG,195774,115.65,Boaz Yakin,"Biography, Drama, Sport            "
310,Tangled,2010,71.0,7.7,PG,399816,200.82,Nathan Greno,"Animation, Adventure, Comedy            "
311,12 Monkeys,1995,74.0,8.0,R,572179,57.14,Terry Gilliam,"Mystery, Sci-Fi, Thriller            "
312,The Right Stuff,1983,91.0,7.8,PG,55508,21.5,Philip Kaufman,"Adventure, Biography, Drama            "
313,Cast Away,2000,73.0,7.8,PG-13,515530,233.63,Robert Zemeckis,"Adventure, Drama, Romance            "
314,Once Upon a Time in the West,1968,80.0,8.5,PG-13,298577,5.32,Sergio Leone,Western            
315,The Lives of Others,2006,89.0,8.4,R,353327,11.29,Florian Henckel von Donnersmarck,"Drama, Mystery, Thriller            "
316,Dances with Wolves,1990,72.0,8.0,PG-13,236949,184.21,Kevin Costner,"Adventure, Drama, Western            "
317,Incredibles 2,2018,80.0,7.6,PG,243287,608.58,Brad Bird,"Animation, Action, Adventure            "
318,Howl's Moving Castle,2004,80.0,8.2,PG,325245,4.71,Hayao Miyazaki,"Animation, Adventure, Family            "
319,X-Men: Days of Future Past,2014,75.0,7.9,PG-13,653984,233.92,Bryan Singer,"Action, Adventure, Sci-Fi            "
320,L.A. Confidential,1997,90.0,8.2,R,525644,64.62,Curtis Hanson,"Crime, Drama, Mystery            "
321,Incendies,2010,80.0,8.3,R,145620,6.86,Denis Villeneuve,"Drama, Mystery, War            "
322,Road to Perdition,2002,72.0,7.7,R,243929,104.45,Sam Mendes,"Crime, Drama, Thriller            "
323,Let the Right One In,2008,82.0,7.9,R,204080,2.12,Tomas Alfredson,"Crime, Drama, Fantasy            "
324,Up,2009,88.0,8.2,PG,920574,293.0,Pete Docter,"Animation, Adventure, Comedy            "
325,Captain America: The Winter Soldier,2014,70.0,7.7,PG-13,725495,259.77,Anthony Russo,"Action, Adventure, Sci-Fi            "
326,Serenity,2005,74.0,7.8,PG-13,281214,25.51,Joss Whedon,"Action, Adventure, Sci-Fi            "
327,Primal Fear,1996,47.0,7.7,R,185331,56.12,Gregory Hoblit,"Crime, Drama, Mystery            "
328,Mary Poppins,1964,88.0,7.8,G,155650,102.27,Robert Stevenson,"Comedy, Family, Fantasy            "
329,Magnolia,1999,77.0,8.0,R,286578,22.46,Paul Thomas Anderson,Drama            
330,Klaus,2019,65.0,8.2,PG,78325,,Sergio Pablos,"Animation, Adventure, Comedy            "
331,The Last Samurai,2003,55.0,7.7,R,395445,111.11,Edward Zwick,"Action, Drama            "
332,Crash,2004,66.0,7.7,R,416812,54.58,Paul Haggis,"Crime, Drama, Thriller            "
333,The Blues Brothers,1980,60.0,7.9,R,180511,57.23,John Landis,"Action, Adventure, Comedy            "
334,The Machinist,2004,61.0,7.7,R,353961,1.08,Brad Anderson,"Drama, Thriller            "
335,Deliverance,1972,80.0,7.7,R,97678,7.06,John Boorman,"Adventure, Drama, Thriller            "
336,Training Day,2001,69.0,7.7,R,384765,76.63,Antoine Fuqua,"Crime, Drama, Thriller            "
337,Minority Report,2002,80.0,7.6,PG-13,502650,132.07,Steven Spielberg,"Action, Crime, Mystery            "
338,Before Sunrise,1995,77.0,8.1,R,266523,5.54,Richard Linklater,"Drama, Romance            "
339,Fear and Loathing in Las Vegas,1998,41.0,7.6,R,257015,10.68,Terry Gilliam,"Adventure, Comedy, Drama            "
340,Inside Man,2006,76.0,7.6,R,333936,88.51,Spike Lee,"Crime, Drama, Mystery            "
341,Dawn of the Dead,1978,71.0,7.9,Unrated,110452,5.1,George A. Romero,"Action, Adventure, Horror            "
342,Mystic River,2003,84.0,7.9,R,414480,90.14,Clint Eastwood,"Crime, Drama, Mystery            "
343,A Few Good Men,1992,62.0,7.7,R,231944,141.34,Rob Reiner,"Drama, Thriller            "
344,Taken,2008,51.0,7.8,PG-13,560684,145.0,Pierre Morel,"Action, Thriller            "
345,What's Eating Gilbert Grape,1993,73.0,7.8,PG-13,211966,9.17,Lasse Hallström,Drama            
346,"Lock, Stock and Two Smoking Barrels",1998,66.0,8.2,R,528836,3.9,Guy Ritchie,"Action, Comedy, Crime            "
347,Rush,2013,74.0,8.1,R,426870,26.95,Ron Howard,"Action, Biography, Drama            "
348,3 Idiots,2009,67.0,8.4,PG-13,336960,6.53,Rajkumar Hirani,"Comedy, Drama            "
349,Star Trek Into Darkness,2013,72.0,7.7,PG-13,460242,228.78,J.J. Abrams,"Action, Adventure, Sci-Fi            "
350,The Butterfly Effect,2004,30.0,7.6,R,447077,57.94,Eric Bress,"Drama, Sci-Fi, Thriller            "
351,Gattaca,1997,64.0,7.8,PG-13,277808,12.34,Andrew Niccol,"Drama, Sci-Fi, Thriller            "
352,Changeling,2008,63.0,7.7,R,236368,35.74,Clint Eastwood,"Biography, Crime, Drama            "
353,WALL·E,2008,95.0,8.4,G,984055,223.81,Andrew Stanton,"Animation, Adventure, Family            "
354,Black Hawk Down,2001,74.0,7.7,R,360494,108.64,Ridley Scott,"Drama, History, War            "
355,How to Train Your Dragon,2010,75.0,8.1,PG,657369,217.58,Dean DeBlois,"Animation, Action, Adventure            "
356,Million Dollar Baby,2004,86.0,8.1,PG-13,628271,100.49,Clint Eastwood,"Drama, Sport            "
357,The Game,1997,61.0,7.8,R,339965,48.32,David Fincher,"Action, Drama, Mystery            "
358,As Good as It Gets,1997,67.0,7.7,PG-13,271913,148.48,James L. Brooks,"Comedy, Drama, Romance            "
359,I Saw the Devil,2010,67.0,7.8,Not Rated,108465,0.13,Jee-woon Kim,"Action, Crime, Drama            "
360,The Warriors,1979,65.0,7.6,R,92645,22.49,Walter Hill,"Action, Crime, Thriller            "
361,Seven Samurai,1954,98.0,8.6,Not Rated,311279,0.27,Akira Kurosawa,"Action, Adventure, Drama            "
362,Who Framed Roger Rabbit,1988,83.0,7.7,PG,179925,156.45,Robert Zemeckis,"Animation, Adventure, Comedy            "
363,Little Miss Sunshine,2006,80.0,7.8,R,434992,59.89,Jonathan Dayton,"Comedy, Drama            "
364,Lion,2016,69.0,8.0,PG-13,209610,51.74,Garth Davis,"Biography, Drama            "
365,Slumdog Millionaire,2008,84.0,8.0,R,790810,141.32,Danny Boyle,"Drama, Romance            "
366,Office Space,1999,68.0,7.7,R,239100,10.82,Mike Judge,Comedy            
367,The Sandlot,1993,55.0,7.8,PG,77984,32.42,David Mickey Evans,"Comedy, Drama, Family            "
368,My Cousin Vinny,1992,68.0,7.6,R,105236,52.93,Jonathan Lynn,"Comedy, Crime            "
369,True Grit,2010,80.0,7.6,PG-13,307719,171.24,Ethan Coen,"Drama, Western            "
370,Being John Malkovich,1999,90.0,7.7,R,308681,22.86,Spike Jonze,"Comedy, Drama, Fantasy            "
371,The Last of the Mohicans,1992,76.0,7.7,R,146973,75.51,Michael Mann,"Action, Adventure, Drama            "
372,The Florida Project,2017,92.0,7.6,R,92071,5.9,Sean Baker,Drama            
373,A Bronx Tale,1993,80.0,7.8,R,126284,17.27,Robert De Niro,"Crime, Drama, Romance            "
374,District 9,2009,81.0,7.9,R,633519,115.65,Neill Blomkamp,"Action, Sci-Fi, Thriller            "
375,Princess Mononoke,1997,76.0,8.4,PG-13,335983,2.38,Hayao Miyazaki,"Animation, Adventure, Fantasy            "
376,Do the Right Thing,1989,93.0,8.0,R,87592,27.55,Spike Lee,"Comedy, Drama            "
377,Enemy at the Gates,2001,53.0,7.6,R,240502,51.4,Jean-Jacques Annaud,"Drama, History, War            "
378,Togo,2019,69.0,8.0,PG,33263,,Ericson Core,"Adventure, Biography, Drama            "
379,First Blood,1982,61.0,7.7,R,223404,47.21,Ted Kotcheff,"Action, Adventure            "
380,Gifted,2017,60.0,7.6,PG-13,97397,24.8,Marc Webb,Drama            
381,Y Tu Mamá También,2001,88.0,7.6,R,114550,13.62,Alfonso Cuarón,Drama            
382,Aladdin,1992,86.0,8.0,G,369045,217.35,Ron Clements,"Animation, Adventure, Comedy            "
383,The King's Speech,2010,88.0,8.0,R,632324,138.8,Tom Hooper,"Biography, Drama, History            "
384,The Fugitive,1993,87.0,7.8,PG-13,264122,183.88,Andrew Davis,"Action, Crime, Drama            "
385,Grave of the Fireflies,1988,94.0,8.5,Not Rated,229586,,Isao Takahata,"Animation, Drama, War            "
386,Midnight in Paris,2011,81.0,7.7,PG-13,383345,56.82,Woody Allen,"Comedy, Fantasy, Romance            "
387,Chinatown,1974,92.0,8.1,R,289928,29.2,Roman Polanski,"Drama, Mystery, Thriller            "
388,Kill Bill: Vol. 2,2004,83.0,8.0,R,674655,66.21,Quentin Tarantino,"Action, Crime, Thriller            "
389,In Bruges,2008,67.0,7.9,R,386462,7.76,Martin McDonagh,"Comedy, Crime, Drama            "
390,Blow,2001,52.0,7.6,R,238203,52.99,Ted Demme,"Biography, Crime, Drama            "
391,Monty Python and the Holy Grail,1975,91.0,8.2,PG,495463,1.23,Terry Gilliam,"Adventure, Comedy, Fantasy            "
392,Big Hero 6,2014,74.0,7.8,PG,404707,222.53,Don Hall,"Animation, Action, Adventure            "
393,The Thin Red Line,1998,78.0,7.6,R,170622,36.4,Terrence Malick,"Drama, War            "
394,Sense and Sensibility,1995,84.0,7.6,PG,100719,43.18,Ang Lee,"Drama, Romance            "
395,Gravity,2013,96.0,7.7,PG-13,760918,274.09,Alfonso Cuarón,"Drama, Sci-Fi, Thriller            "
396,Raging Bull,1980,89.0,8.2,R,317134,23.38,Martin Scorsese,"Biography, Drama, Sport            "
397,The Little Mermaid,1989,88.0,7.6,G,234212,111.54,Ron Clements,"Animation, Family, Fantasy            "
398,Only the Brave,2017,72.0,7.6,PG-13,56326,18.34,Joseph Kosinski,"Action, Biography, Drama            "
399,The Graduate,1967,83.0,8.0,PG,251384,104.95,Mike Nichols,"Comedy, Drama, Romance            "
400,"Planes, Trains and Automobiles",1987,72.0,7.6,R,120474,49.53,John Hughes,"Comedy, Drama            "
401,The Fault in Our Stars,2014,69.0,7.7,PG-13,339919,124.87,Josh Boone,"Drama, Romance            "
402,Frankenstein,1931,91.0,7.8,Passed,64478,,James Whale,"Drama, Horror, Sci-Fi            "
403,Beauty and the Beast,1991,95.0,8.0,G,413264,218.97,Gary Trousdale,"Animation, Family, Fantasy            "
404,The Secret in Their Eyes,2009,80.0,8.2,R,190024,6.39,Juan José Campanella,"Drama, Mystery, Romance            "
405,500 Days of Summer,2009,76.0,7.7,PG-13,467585,32.39,Marc Webb,"Comedy, Drama, Romance            "
406,Creed,2015,82.0,7.6,PG-13,244044,109.77,Ryan Coogler,"Drama, Sport            "
407,The Count of Monte Cristo,2002,61.0,7.8,PG-13,127729,54.23,Kevin Reynolds,"Action, Adventure, Drama            "
408,Dangal,2016,,8.4,Not Rated,151248,12.39,Nitesh Tiwari,"Action, Biography, Drama            "
409,Hell or High Water,2016,88.0,7.6,R,200632,26.86,David Mackenzie,"Action, Crime, Drama            "
410,Man on Fire,2004,47.0,7.7,R,325966,77.91,Tony Scott,"Action, Crime, Drama            "
411,In the Mood for Love,2000,85.0,8.1,PG,121165,2.73,Kar-Wai Wong,"Drama, Romance            "
412,Nosferatu,1922,,7.9,Not Rated,87788,,F.W. Murnau,"Fantasy, Horror            "
413,Toy Story 3,2010,92.0,8.3,G,746531,415.0,Lee Unkrich,"Animation, Adventure, Comedy            "
414,North by Northwest,1959,98.0,8.3,Approved,294995,13.28,Alfred Hitchcock,"Adventure, Mystery, Thriller            "
415,Fantastic Mr. Fox,2009,83.0,7.9,PG,195289,21.0,Wes Anderson,"Animation, Adventure, Comedy            "
416,JFK,1991,72.0,8.0,R,140036,70.41,Oliver Stone,"Drama, History, Thriller            "
417,Walk the Line,2005,72.0,7.8,PG-13,231336,119.52,James Mangold,"Biography, Drama, Music            "
418,Akira,1988,,8.0,R,161992,0.55,Katsuhiro Ôtomo,"Animation, Action, Sci-Fi            "
419,Moon,2009,67.0,7.9,R,331942,5.01,Duncan Jones,"Drama, Mystery, Sci-Fi            "
420,Close Encounters of the Third Kind,1977,90.0,7.6,PG,182314,132.09,Steven Spielberg,"Drama, Sci-Fi            "
421,The Elephant Man,1980,78.0,8.1,PG,216819,,David Lynch,"Biography, Drama            "
422,Eastern Promises,2007,82.0,7.6,R,225431,17.11,David Cronenberg,"Action, Crime, Drama            "
423,The Road Warrior,1981,77.0,7.6,R,164702,12.47,George Miller,"Action, Adventure, Sci-Fi            "
424,Bridge of Spies,2015,81.0,7.6,PG-13,283643,72.31,Steven Spielberg,"Drama, History, Thriller            "
425,Searching,2018,71.0,7.6,PG-13,136270,26.02,Aneesh Chaganty,"Drama, Mystery, Thriller            "
426,Seven Pounds,2008,36.0,7.6,PG-13,284012,69.95,Gabriele Muccino,"Drama, Romance            "
427,Breakfast at Tiffany's,1961,76.0,7.6,Approved,164436,,Blake Edwards,"Comedy, Drama, Romance            "
428,Glory,1989,78.0,7.8,R,120650,26.83,Edward Zwick,"Biography, Drama, History            "
429,Lawrence of Arabia,1962,100.0,8.3,Approved,264203,44.82,David Lean,"Adventure, Biography, Drama            "
430,The Seventh Seal,1957,88.0,8.2,Not Rated,161602,,Ingmar Bergman,"Drama, Fantasy            "
431,Blood Diamond,2006,64.0,8.0,R,493228,57.37,Edward Zwick,"Adventure, Drama, Thriller            "
432,Fried Green Tomatoes,1991,64.0,7.7,PG-13,66068,82.42,Jon Avnet,Drama            
433,Boyhood,2014,100.0,7.9,R,332635,25.38,Richard Linklater,Drama            
434,Brazil,1985,84.0,7.9,R,185752,9.93,Terry Gilliam,"Drama, Sci-Fi            "
435,Roma,2018,96.0,7.7,R,136916,,Alfonso Cuarón,Drama            
436,Rain Man,1988,65.0,8.0,R,468018,178.8,Barry Levinson,Drama            
437,The Skin I Live In,2011,70.0,7.6,R,136698,3.19,Pedro Almodóvar,"Drama, Horror, Thriller            "
438,A Christmas Story,1983,77.0,7.9,PG,128102,20.61,Bob Clark,"Comedy, Family            "
439,Traffic,2000,86.0,7.6,R,194201,124.12,Steven Soderbergh,"Crime, Drama, Thriller            "
440,Kelly's Heroes,1970,50.0,7.6,GP,44706,1.38,Brian G. Hutton,"Adventure, Comedy, War            "
441,Mr. Nobody,2009,63.0,7.8,R,213626,0.0,Jaco Van Dormael,"Drama, Fantasy, Romance            "
442,Dark City,1998,66.0,7.6,R,186322,14.38,Alex Proyas,"Mystery, Sci-Fi, Thriller            "
443,Mother,2009,79.0,7.8,R,50486,0.55,Bong Joon Ho,"Crime, Drama, Mystery            "
444,Dog Day Afternoon,1975,86.0,8.0,R,232744,50.0,Sidney Lumet,"Biography, Crime, Drama            "
445,Despicable Me,2010,72.0,7.6,PG,494804,251.51,Pierre Coffin,"Animation, Comedy, Crime            "
446,Lethal Weapon,1987,68.0,7.6,R,233846,65.21,Richard Donner,"Action, Crime, Thriller            "
447,Gone Baby Gone,2007,72.0,7.6,R,247412,20.3,Ben Affleck,"Crime, Drama, Mystery            "
448,Toy Story 2,1999,88.0,7.9,G,519674,245.85,John Lasseter,"Animation, Adventure, Comedy            "
449,Life of Pi,2012,79.0,7.9,PG,574152,124.99,Ang Lee,"Adventure, Drama, Fantasy            "
450,Spartacus,1960,87.0,7.9,PG-13,122953,30.0,Stanley Kubrick,"Adventure, Biography, Drama            "
451,Captain Phillips,2013,82.0,7.8,PG-13,415539,107.1,Paul Greengrass,"Adventure, Biography, Crime            "
452,The Girl with the Dragon Tattoo,2009,76.0,7.8,R,207189,10.1,Niels Arden Oplev,"Crime, Drama, Mystery            "
453,The Boy in the Striped Pajamas,2008,55.0,7.8,PG-13,187696,9.03,Mark Herman,"Drama, War            "
454,Barry Lyndon,1975,89.0,8.1,PG,147071,,Stanley Kubrick,"Adventure, Drama, History            "
455,Some Like It Hot,1959,98.0,8.2,Passed,240444,25.0,Billy Wilder,"Comedy, Music, Romance            "
456,The Sting,1973,83.0,8.3,PG,238428,159.6,George Roy Hill,"Comedy, Crime, Drama            "
457,All the President's Men,1976,84.0,8.0,PG,100987,70.6,Alan J. Pakula,"Biography, Drama, History            "
458,Donnie Brasco,1997,76.0,7.7,R,274949,41.91,Mike Newell,"Biography, Crime, Drama            "
459,Stalker,1979,,8.2,Not Rated,114086,0.23,Andrei Tarkovsky,"Drama, Sci-Fi            "
460,3:10 to Yuma,2007,76.0,7.7,R,285987,53.61,James Mangold,"Action, Crime, Drama            "
461,To Kill a Mockingbird,1962,88.0,8.2,Approved,290953,,Robert Mulligan,"Crime, Drama            "
462,Falling Down,1993,56.0,7.6,R,168178,40.9,Joel Schumacher,"Action, Crime, Drama            "
463,Wreck-It Ralph,2012,72.0,7.7,PG,374735,189.42,Rich Moore,"Animation, Adventure, Comedy            "
464,Dogville,2003,60.0,8.0,R,136186,1.53,Lars von Trier,"Crime, Drama            "
465,Das Boot,1981,86.0,8.3,R,228703,11.49,Wolfgang Petersen,"Adventure, Drama, Thriller            "
466,Rushmore,1998,86.0,7.7,R,167278,17.11,Wes Anderson,"Comedy, Drama, Romance            "
467,The Great Escape,1963,86.0,8.2,Approved,221678,12.1,John Sturges,"Adventure, Drama, History            "
468,Ed Wood,1994,70.0,7.8,R,163807,5.89,Tim Burton,"Biography, Comedy, Drama            "
469,In the Name of the Father,1993,84.0,8.1,R,154488,25.01,Jim Sheridan,"Biography, Drama            "
470,The Fighter,2010,79.0,7.8,R,336514,93.62,David O. Russell,"Biography, Drama, Sport            "
471,The Boondock Saints,1999,44.0,7.8,R,225663,0.03,Troy Duffy,"Action, Crime, Thriller            "
472,Singin' in the Rain,1952,99.0,8.3,G,215464,8.82,Stanley Donen,"Comedy, Musical, Romance            "
473,A Silent Voice: The Movie,2016,78.0,8.1,Not Rated,43631,,Naoko Yamada,"Animation, Drama, Family            "
474,When Harry Met Sally...,1989,76.0,7.6,R,192556,92.82,Rob Reiner,"Comedy, Drama, Romance            "
475,Anatomy of a Murder,1959,95.0,8.0,Not Rated,59016,11.9,Otto Preminger,"Crime, Drama, Mystery            "
476,Adaptation.,2002,83.0,7.7,R,176268,22.25,Spike Jonze,"Comedy, Drama            "
477,Match Point,2005,72.0,7.6,R,204227,23.09,Woody Allen,"Drama, Romance, Thriller            "
478,Isle of Dogs,2018,82.0,7.9,PG-13,135278,32.02,Wes Anderson,"Animation, Adventure, Comedy            "
479,Billy Elliot,2000,74.0,7.7,R,125058,22.0,Stephen Daldry,"Drama, Music            "
480,Planet of the Apes,1968,79.0,8.0,G,163869,33.4,Franklin J. Schaffner,"Adventure, Sci-Fi            "
481,Cinema Paradiso,1988,80.0,8.5,R,226146,11.99,Giuseppe Tornatore,Drama            
482,Freaks,1932,80.0,7.9,Not Rated,41658,,Tod Browning,"Drama, Horror            "
483,The Magnificent Seven,1960,74.0,7.7,Approved,86628,4.91,John Sturges,"Action, Adventure, Western            "
484,The Holy Mountain,1973,76.0,7.9,R,36040,0.06,Alejandro Jodorowsky,"Adventure, Drama, Fantasy            "
485,Before Sunset,2004,90.0,8.1,R,231699,5.82,Richard Linklater,"Drama, Romance            "
486,Lost Highway,1997,52.0,7.6,R,129046,3.8,David Lynch,"Mystery, Thriller            "
487,My Neighbor Totoro,1988,86.0,8.2,G,283739,1.11,Hayao Miyazaki,"Animation, Family, Fantasy            "
488,Carlito's Way,1993,65.0,7.9,R,198387,36.95,Brian De Palma,"Crime, Drama, Thriller            "
489,Wild Tales,2014,77.0,8.1,R,173213,3.11,Damián Szifron,"Comedy, Drama, Thriller            "
490,The French Connection,1971,94.0,7.7,R,108485,15.63,William Friedkin,"Action, Crime, Drama            "
491,The Raid: Redemption,2011,73.0,7.6,R,188548,4.11,Gareth Evans,"Action, Thriller            "
492,Perfect Blue,1997,,8.0,R,55833,0.78,Satoshi Kon,"Animation, Crime, Mystery            "
493,Philadelphia,1993,66.0,7.7,PG-13,221321,77.32,Jonathan Demme,Drama            
494,The Ten Commandments,1956,,7.9,G,62817,93.74,Cecil B. DeMille,"Adventure, Drama            "
495,The Naked Gun: From the Files of Police Squad!,1988,76.0,7.6,PG-13,150310,78.76,David Zucker,"Comedy, Crime            "
496,Funny Games,1997,69.0,7.6,Not Rated,63770,,Michael Haneke,"Crime, Drama, Thriller            "
497,The Lego Movie,2014,83.0,7.7,PG,321199,257.76,Christopher Miller,"Animation, Action, Adventure            "
498,The Searchers,1956,94.0,7.9,Passed,79230,,John Ford,"Adventure, Drama, Western            "
499,The Jungle Book,1967,65.0,7.6,G,163980,141.84,Wolfgang Reitherman,"Animation, Adventure, Family            "
500,End of Watch,2012,68.0,7.6,R,225877,41.0,David Ayer,"Action, Crime, Drama            "
501,Metropolis,1927,98.0,8.3,Not Rated,157860,1.24,Fritz Lang,"Drama, Sci-Fi            "
502,Tumbbad,2018,,8.3,Not Rated,25752,,Rahi Anil Barve,"Drama, Fantasy, Horror            "
503,"Crouching Tiger, Hidden Dragon",2000,94.0,7.8,PG-13,250879,128.08,Ang Lee,"Action, Adventure, Fantasy            "
504,Ben-Hur,1959,90.0,8.1,G,216630,74.7,William Wyler,"Adventure, Drama, History            "
505,Midnight Cowboy,1969,79.0,7.8,R,99618,44.79,John Schlesinger,Drama            
506,La Haine,1995,,8.1,Not Rated,146902,0.31,Mathieu Kassovitz,"Crime, Drama            "
507,Kiki's Delivery Service,1989,83.0,7.8,G,120609,,Hayao Miyazaki,"Animation, Adventure, Drama            "
508,Empire of the Sun,1987,62.0,7.7,PG,114149,22.24,Steven Spielberg,"Action, Drama, History            "
509,Cinderella Man,2005,69.0,8.0,PG-13,174451,61.65,Ron Howard,"Biography, Drama, History            "
510,The Illusionist,2006,68.0,7.6,PG-13,352231,39.87,Neil Burger,"Drama, Fantasy, Mystery            "
511,The Bridge on the River Kwai,1957,87.0,8.1,PG,200777,44.91,David Lean,"Adventure, Drama, War            "
512,Before Midnight,2013,94.0,7.9,R,138458,8.11,Richard Linklater,"Drama, Romance            "
513,Frost/Nixon,2008,80.0,7.7,R,102186,18.59,Ron Howard,"Biography, Drama, History            "
514,Monty Python's Life of Brian,1979,77.0,8.1,R,362626,20.05,Terry Jones,Comedy            
515,Straight Outta Compton,2015,72.0,7.8,R,177357,161.2,F. Gary Gray,"Biography, Drama, History            "
516,Sunset Blvd.,1950,,8.4,Passed,198471,,Billy Wilder,"Drama, Film-Noir            "
517,A Streetcar Named Desire,1951,97.0,8.0,PG,97959,8.0,Elia Kazan,Drama            
518,"Blood In, Blood Out",1993,47.0,8.0,R,28520,4.5,Taylor Hackford,"Crime, Drama            "
519,Ghost in the Shell,1995,76.0,8.0,TV-MA,126954,0.52,Mamoru Oshii,"Animation, Action, Crime            "
520,"Paris, Texas",1984,78.0,8.1,R,88342,2.18,Wim Wenders,Drama            
521,The Insider,1999,84.0,7.8,R,158034,28.97,Michael Mann,"Biography, Drama, Thriller            "
522,"Synecdoche, New York",2008,67.0,7.6,R,81579,3.08,Charlie Kaufman,Drama            
523,This Is Spinal Tap,1984,92.0,7.9,R,127471,0.19,Rob Reiner,"Comedy, Music            "
524,Butch Cassidy and the Sundance Kid,1969,66.0,8.0,PG,200206,102.31,George Roy Hill,"Biography, Crime, Drama            "
525,Lord of War,2005,62.0,7.6,R,291557,24.15,Andrew Niccol,"Action, Crime, Drama            "
526,Battle Royale,2000,81.0,7.6,Not Rated,167523,,Kinji Fukasaku,"Action, Adventure, Drama            "
527,Annie Hall,1977,92.0,8.0,PG,249717,39.2,Woody Allen,"Comedy, Romance            "
528,The Bridges of Madison County,1995,66.0,7.6,PG-13,71955,71.52,Clint Eastwood,"Drama, Romance            "
529,Shoplifters,2018,93.0,8.0,R,58872,3.31,Hirokazu Koreeda,"Crime, Drama            "
530,The Bride of Frankenstein,1935,95.0,7.8,Not Rated,42966,4.36,James Whale,"Drama, Horror, Sci-Fi            "
531,The Farewell,2019,89.0,7.6,PG,47215,16.88,Lulu Wang,"Comedy, Drama            "
532,Snow White and the Seven Dwarfs,1937,95.0,7.6,Approved,178953,184.93,William Cottrell,"Animation, Family, Fantasy            "
533,Dangerous Liaisons,1988,74.0,7.6,R,63859,34.7,Stephen Frears,"Drama, Romance            "
534,The Innocents,1961,88.0,7.8,Not Rated,26565,2.62,Jack Clayton,Horror            
535,Die Hard with a Vengeance,1995,58.0,7.6,R,359593,100.01,John McTiernan,"Action, Adventure, Thriller            "
536,Paths of Glory,1957,90.0,8.4,Approved,175043,,Stanley Kubrick,"Drama, War            "
537,The Color Purple,1985,78.0,7.8,PG-13,77239,98.47,Steven Spielberg,Drama            
538,Harakiri,1962,85.0,8.6,Not Rated,39271,,Masaki Kobayashi,"Action, Drama, Mystery            "
539,Red River,1948,,7.8,Passed,27720,,Howard Hawks,"Action, Adventure, Drama            "
540,Winter Sleep,2014,88.0,8.1,Not Rated,44706,0.17,Nuri Bilge Ceylan,Drama            
541,Dil Bechara,2020,,7.9,,106476,,Mukesh Chhabra,"Comedy, Drama, Romance            "
542,Naked,1993,84.0,7.8,Not Rated,33759,1.77,Mike Leigh,"Comedy, Drama            "
543,Hachi: A Dog's Tale,2009,,8.1,G,248720,,Lasse Hallström,"Drama, Family            "
544,A Fistful of Dollars,1964,65.0,8.0,R,195057,14.5,Sergio Leone,"Action, Drama, Western            "
545,For a Few Dollars More,1965,74.0,8.3,R,229057,15.0,Sergio Leone,Western            
546,My Fair Lady,1964,95.0,7.8,G,85415,72.0,George Cukor,"Drama, Family, Musical            "
547,Star Trek II: The Wrath of Khan,1982,67.0,7.7,PG,111543,78.91,Nicholas Meyer,"Action, Adventure, Sci-Fi            "
548,The Man from Earth,2007,,7.9,Not Rated,172052,,Richard Schenkman,"Drama, Fantasy, Sci-Fi            "
549,Finding Neverland,2004,67.0,7.7,PG,197119,51.68,Marc Forster,"Biography, Drama, Family            "
550,How to Train Your Dragon 2,2014,76.0,7.8,PG,301184,177.0,Dean DeBlois,"Animation, Action, Adventure            "
551,Escape from Alcatraz,1979,76.0,7.6,PG,119083,43.0,Don Siegel,"Action, Biography, Crime            "
552,Robin Hood,1973,57.0,7.6,G,113959,32.06,Wolfgang Reitherman,"Animation, Adventure, Comedy            "
553,Network,1976,83.0,8.1,R,143178,,Sidney Lumet,Drama            
554,Gangs of Wasseypur,2012,89.0,8.2,R,80111,,Anurag Kashyap,"Action, Crime, Drama            "
555,The Wrestler,2008,80.0,7.9,R,287491,26.24,Darren Aronofsky,"Drama, Sport            "
556,Midnight Express,1978,59.0,7.6,R,72782,35.0,Alan Parker,"Biography, Crime, Drama            "
557,A Separation,2011,95.0,8.3,PG-13,216352,7.1,Asghar Farhadi,"Drama, Thriller            "
558,Andhadhun,2018,,8.3,Not Rated,68192,1.37,Sriram Raghavan,"Crime, Drama, Music            "
559,The Last Picture Show,1971,93.0,8.0,R,41712,29.13,Peter Bogdanovich,"Drama, Romance            "
560,The Conversation,1974,85.0,7.8,PG,96672,4.42,Francis Ford Coppola,"Drama, Mystery, Thriller            "
561,Gandhi,1982,79.0,8.0,PG,216205,52.77,Richard Attenborough,"Biography, Drama, History            "
562,High Noon,1952,89.0,7.9,PG,96169,9.45,Fred Zinnemann,"Drama, Thriller, Western            "
563,The Artist,2011,89.0,7.9,PG-13,228668,44.67,Michel Hazanavicius,"Comedy, Drama, Romance            "
564,What Ever Happened to Baby Jane?,1962,75.0,8.1,Passed,49407,4.05,Robert Aldrich,"Drama, Horror, Thriller            "
565,Bonnie and Clyde,1967,86.0,7.8,R,101025,,Arthur Penn,"Action, Biography, Crime            "
566,Awakenings,1990,74.0,7.8,PG-13,122390,52.1,Penny Marshall,"Biography, Drama            "
567,Cool Hand Luke,1967,92.0,8.1,GP,159660,16.22,Stuart Rosenberg,"Crime, Drama            "
568,Paddington 2,2017,88.0,7.8,PG,59105,40.44,Paul King,"Adventure, Comedy, Family            "
569,The Apartment,1960,94.0,8.3,Approved,161195,18.6,Billy Wilder,"Comedy, Drama, Romance            "
570,Dirty Harry,1971,90.0,7.7,R,141668,35.9,Don Siegel,"Action, Crime, Thriller            "
571,After Hours,1985,90.0,7.7,R,57868,10.6,Martin Scorsese,"Comedy, Crime, Drama            "
572,Kung Fu Hustle,2004,78.0,7.7,R,125832,17.11,Stephen Chow,"Action, Comedy, Fantasy            "
573,Charade,1963,83.0,7.9,Passed,67210,13.47,Stanley Donen,"Comedy, Mystery, Romance            "
574,On the Waterfront,1954,91.0,8.1,Approved,140064,9.6,Elia Kazan,"Crime, Drama, Thriller            "
575,K.G.F: Chapter 1,2018,,8.2,Not Rated,33170,,Prashanth Neel,"Action, Drama            "
576,Mississippi Burning,1988,65.0,7.8,R,86851,34.6,Alan Parker,"Crime, Drama, History            "
577,The Raid 2,2014,71.0,8.0,R,113001,2.63,Gareth Evans,"Action, Crime, Thriller            "
578,Doctor Zhivago,1965,69.0,8.0,PG-13,68871,111.72,David Lean,"Drama, Romance, War            "
579,Amores Perros,2000,83.0,8.1,R,221041,5.38,Alejandro G. Iñárritu,"Drama, Thriller            "
580,The Fall,2006,64.0,7.9,R,106460,2.28,Tarsem Singh,"Adventure, Drama, Fantasy            "
581,October Sky,1999,71.0,7.8,PG,81548,32.48,Joe Johnston,"Biography, Drama, Family            "
582,Eyes Without a Face,1960,90.0,7.7,Not Rated,27027,0.05,Georges Franju,"Drama, Horror            "
583,50/50,2011,72.0,7.6,R,313355,35.01,Jonathan Levine,"Comedy, Drama, Romance            "
584,Hotel Rwanda,2004,79.0,8.1,PG-13,331265,23.53,Terry George,"Biography, Drama, History            "
585,The Best Offer,2013,49.0,7.8,R,106398,0.09,Giuseppe Tornatore,"Crime, Drama, Mystery            "
586,Ordinary People,1980,86.0,7.7,R,46276,54.8,Robert Redford,Drama            
587,Like Stars on Earth,2007,,8.4,PG,164644,1.22,Aamir Khan,"Drama, Family            "
588,Once Were Warriors,1994,77.0,7.9,R,31202,2.2,Lee Tamahori,"Crime, Drama            "
589,Dancer in the Dark,2000,61.0,8.0,R,100892,4.18,Lars von Trier,"Crime, Drama, Musical            "
590,Barton Fink,1991,69.0,7.7,R,111846,6.15,Joel Coen,"Comedy, Drama, Thriller            "
591,Ponyo,2008,86.0,7.7,G,122260,15.09,Hayao Miyazaki,"Animation, Adventure, Comedy            "
592,The Body,2012,,7.6,,55698,,Oriol Paulo,"Mystery, Thriller            "
593,Malcolm X,1992,73.0,7.7,PG-13,84336,48.17,Spike Lee,"Biography, Drama, History            "
594,The Iron Giant,1999,85.0,8.0,PG,169813,23.16,Brad Bird,"Animation, Action, Adventure            "
595,Ip Man,2008,59.0,8.0,R,209401,,Wilson Yip,"Action, Biography, Drama            "
596,Serpico,1973,87.0,7.7,R,107951,29.8,Sidney Lumet,"Biography, Crime, Drama            "
597,Roman Holiday,1953,78.0,8.0,Not Rated,125746,,William Wyler,"Comedy, Romance            "
598,Nausicaä of the Valley of the Wind,1984,86.0,8.1,PG,147514,0.5,Hayao Miyazaki,"Animation, Adventure, Fantasy            "
599,Peeping Tom,1960,,7.7,Not Rated,30847,0.08,Michael Powell,"Drama, Horror, Thriller            "
600,Rope,1948,73.0,8.0,Approved,127617,,Alfred Hitchcock,"Crime, Drama, Mystery            "
601,Enter the Dragon,1973,83.0,7.7,R,95208,25.0,Robert Clouse,"Action, Crime, Drama            "
602,Flipped,2010,45.0,7.7,PG,80509,1.75,Rob Reiner,"Comedy, Drama, Romance            "
603,Sing Street,2016,79.0,7.9,PG-13,83769,3.24,John Carney,"Comedy, Drama, Music            "
604,The Last King of Scotland,2006,74.0,7.7,R,173747,17.61,Kevin Macdonald,"Biography, Drama, History            "
605,Ran,1985,96.0,8.2,R,110495,4.14,Akira Kurosawa,"Action, Drama, War            "
606,Blood Simple,1984,82.0,7.6,R,86344,2.15,Joel Coen,"Crime, Drama, Thriller            "
607,The Invisible Man,1933,87.0,7.7,TV-PG,30029,,James Whale,"Horror, Sci-Fi            "
608,Miller's Crossing,1990,66.0,7.7,R,124593,5.08,Joel Coen,"Crime, Drama, Thriller            "
609,Kramer vs. Kramer,1979,77.0,7.8,PG,131277,106.26,Robert Benton,Drama            
610,Dial M for Murder,1954,75.0,8.2,PG,155520,0.01,Alfred Hitchcock,"Crime, Thriller            "
611,Dawn of the Planet of the Apes,2014,79.0,7.6,PG-13,408577,208.55,Matt Reeves,"Action, Adventure, Drama            "
612,I Am Sam,2001,28.0,7.7,PG-13,141807,40.31,Jessie Nelson,Drama            
613,In the Heat of the Night,1967,75.0,7.9,Not Rated,66772,24.38,Norman Jewison,"Crime, Drama, Mystery            "
614,Days of Heaven,1978,93.0,7.8,PG,51816,,Terrence Malick,"Drama, Romance            "
615,Glengarry Glen Ross,1992,82.0,7.7,R,94646,10.73,James Foley,"Crime, Drama, Mystery            "
616,Fiddler on the Roof,1971,67.0,8.0,G,38765,80.5,Norman Jewison,"Drama, Family, Musical            "
617,M,1931,,8.3,Passed,141169,0.03,Fritz Lang,"Crime, Mystery, Thriller            "
618,A Little Princess,1995,83.0,7.7,G,31804,10.02,Alfonso Cuarón,"Drama, Family, Fantasy            "
619,Clerks,1994,70.0,7.7,R,210190,3.15,Kevin Smith,Comedy            
620,Solaris,1972,90.0,8.1,PG,79370,,Andrei Tarkovsky,"Drama, Mystery, Sci-Fi            "
621,From Here to Eternity,1953,85.0,7.6,Passed,42778,30.5,Fred Zinnemann,"Drama, Romance, War            "
622,The Dirty Dozen,1967,73.0,7.7,Not Rated,66379,45.3,Robert Aldrich,"Action, Adventure, War            "
623,All That Jazz,1979,72.0,7.9,R,27654,37.82,Bob Fosse,"Drama, Music, Musical            "
624,Dilwale Dulhania Le Jayenge,1995,,8.1,Not Rated,62564,,Aditya Chopra,"Drama, Romance            "
625,Victoria,2015,77.0,7.6,Not Rated,51686,,Sebastian Schipper,"Crime, Drama, Romance            "
626,Guess Who's Coming to Dinner,1967,63.0,7.8,Not Rated,38885,56.7,Stanley Kramer,"Comedy, Drama            "
627,This Is England,2006,86.0,7.7,Not Rated,114789,0.33,Shane Meadows,"Crime, Drama            "
628,Badlands,1973,93.0,7.8,PG,64775,,Terrence Malick,"Action, Crime, Drama            "
629,21 Grams,2003,70.0,7.6,R,222523,16.29,Alejandro G. Iñárritu,"Crime, Drama, Thriller            "
630,Being There,1979,83.0,8.0,PG,64755,30.18,Hal Ashby,"Comedy, Drama            "
631,Detachment,2011,52.0,7.7,Not Rated,75847,0.07,Tony Kaye,Drama            
632,Kubo and the Two Strings,2016,84.0,7.8,PG,116284,48.02,Travis Knight,"Animation, Action, Adventure            "
633,The Outlaw Josey Wales,1976,69.0,7.8,PG,64713,31.8,Clint Eastwood,Western            
634,The Great Beauty,2013,86.0,7.8,Not Rated,79682,2.85,Paolo Sorrentino,Drama            
635,Persona,1966,86.0,8.1,Not Rated,100627,,Ingmar Bergman,"Drama, Thriller            "
636,Sling Blade,1996,84.0,8.0,R,86152,24.48,Billy Bob Thornton,Drama            
637,Chungking Express,1994,77.0,8.1,PG-13,61165,0.6,Kar-Wai Wong,"Comedy, Crime, Drama            "
638,Rio Bravo,1959,93.0,8.0,Passed,55426,12.54,Howard Hawks,"Action, Drama, Western            "
639,Lucky Number Slevin,2006,53.0,7.7,R,297875,22.49,Paul McGuigan,"Crime, Drama, Thriller            "
640,The Third Man,1949,97.0,8.1,Approved,156770,0.45,Carol Reed,"Film-Noir, Mystery, Thriller            "
641,Cabaret,1972,80.0,7.8,PG,47686,42.77,Bob Fosse,"Drama, Music, Musical            "
642,8½,1963,91.0,8.0,Not Rated,107410,0.05,Federico Fellini,Drama            
643,Fanny and Alexander,1982,100.0,8.1,R,56769,4.97,Ingmar Bergman,Drama            
644,The King of Comedy,1982,73.0,7.8,PG,85970,2.5,Martin Scorsese,"Comedy, Crime, Drama            "
645,Hero,2002,85.0,7.9,PG-13,172843,53.71,Yimou Zhang,"Action, Adventure, History            "
646,Double Indemnity,1944,95.0,8.3,Passed,141336,5.72,Billy Wilder,"Crime, Drama, Film-Noir            "
647,All About Eve,1950,98.0,8.2,Passed,118981,0.01,Joseph L. Mankiewicz,Drama            
648,Modern Times,1936,96.0,8.5,G,213994,0.16,Charles Chaplin,"Comedy, Drama, Family            "
649,A Man Called Ove,2015,70.0,7.7,PG-13,45941,3.36,Hannes Holm,"Comedy, Drama, Romance            "
650,The Tenant,1976,71.0,7.7,R,39146,1.92,Roman Polanski,"Drama, Thriller            "
651,Witness for the Prosecution,1957,,8.4,Approved,106560,8.18,Billy Wilder,"Crime, Drama, Mystery            "
652,Nebraska,2013,87.0,7.7,R,111319,17.65,Alexander Payne,"Adventure, Comedy, Drama            "
653,The Great Dictator,1940,,8.4,Passed,199882,0.29,Charles Chaplin,"Comedy, Drama, War            "
654,Breathless,1960,,7.8,Not Rated,71967,0.34,Jean-Luc Godard,"Crime, Drama            "
655,Where Eagles Dare,1968,63.0,7.7,M,51189,,Brian G. Hutton,"Action, Adventure, War            "
656,Castle in the Sky,1986,78.0,8.0,PG,147317,,Hayao Miyazaki,"Animation, Adventure, Drama            "
657,The Remains of the Day,1993,84.0,7.8,PG,64800,22.95,James Ivory,"Drama, Romance            "
658,25th Hour,2002,68.0,7.6,R,168621,13.06,Spike Lee,Drama            
659,Beasts of No Nation,2015,79.0,7.7,Not Rated,72569,0.08,Cary Joji Fukunaga,"Drama, War            "
660,The Vanishing,1988,,7.7,Not Rated,33446,,George Sluizer,"Mystery, Thriller            "
661,Me and Earl and the Dying Girl,2015,74.0,7.7,PG-13,121648,6.74,Alfonso Gomez-Rejon,"Comedy, Drama            "
662,Rebel Without a Cause,1955,89.0,7.7,PG-13,82309,,Nicholas Ray,Drama            
663,Wings of Desire,1987,79.0,8.0,PG-13,63666,3.33,Wim Wenders,"Drama, Fantasy, Romance            "
664,The Hustler,1961,90.0,8.0,Not Rated,74428,8.28,Robert Rossen,"Drama, Sport            "
665,The Manchurian Candidate,1962,94.0,7.9,PG-13,70547,,John Frankenheimer,"Drama, Thriller            "
666,The Killing,1956,91.0,8.0,Approved,80488,,Stanley Kubrick,"Crime, Drama, Film-Noir            "
667,King Kong,1933,90.0,7.9,Passed,78092,10.0,Merian C. Cooper,"Adventure, Horror, Sci-Fi            "
668,Paprika,2006,81.0,7.7,R,69647,0.88,Satoshi Kon,"Animation, Drama, Fantasy            "
669,Arsenic and Old Lace,1944,,8.0,Not Rated,64520,,Frank Capra,"Comedy, Crime, Thriller            "
670,Giant,1956,84.0,7.6,G,33578,,George Stevens,"Drama, Western            "
671,Short Term 12,2013,82.0,8.0,R,80556,1.01,Destin Daniel Cretton,Drama            
672,Letters from Iwo Jima,2006,89.0,7.9,R,152896,13.76,Clint Eastwood,"Action, Adventure, Drama            "
673,The Last Emperor,1987,76.0,7.7,PG-13,92861,43.98,Bernardo Bertolucci,"Biography, Drama, History            "
674,Baahubali: The Beginning,2015,,8.1,Not Rated,101174,6.74,S.S. Rajamouli,"Action, Drama            "
675,Sabrina,1954,72.0,7.7,Passed,58338,,Billy Wilder,"Comedy, Drama, Romance            "
676,La Dolce Vita,1960,95.0,8.0,Not Rated,65434,19.52,Federico Fellini,"Comedy, Drama            "
677,Black Book,2006,71.0,7.7,R,72015,4.4,Paul Verhoeven,"Drama, Thriller, War            "
678,PK,2014,,8.1,Not Rated,159337,10.62,Rajkumar Hirani,"Comedy, Drama, Musical            "
679,Zulu,1964,77.0,7.7,Not Rated,35446,,Cy Endfield,"Drama, History, War            "
680,The Man Who Shot Liberty Valance,1962,94.0,8.1,Not Rated,67855,,John Ford,"Drama, Western            "
681,The Wind Rises,2013,83.0,7.8,PG-13,71580,5.21,Hayao Miyazaki,"Animation, Biography, Drama            "
682,Strangers on a Train,1951,88.0,7.9,PG,122042,7.63,Alfred Hitchcock,"Crime, Film-Noir, Thriller            "
683,The Cabinet of Dr. Caligari,1920,,8.1,Not Rated,56504,,Robert Wiene,"Fantasy, Horror, Mystery            "
684,Mommy,2014,74.0,8.1,R,49492,3.49,Xavier Dolan,Drama            
685,Run Lola Run,1998,77.0,7.6,R,186951,7.27,Tom Tykwer,"Crime, Drama, Thriller            "
686,Song of the Sea,2014,85.0,8.1,PG,50000,0.86,Tomm Moore,"Animation, Adventure, Drama            "
687,Blow-Up,1966,82.0,7.6,Not Rated,55620,,Michelangelo Antonioni,"Drama, Mystery, Thriller            "
688,The Straight Story,1999,86.0,8.0,G,80761,6.2,David Lynch,"Biography, Drama            "
689,The Maltese Falcon,1941,96.0,8.0,Not Rated,147534,2.11,John Huston,"Film-Noir, Mystery            "
690,The Wild Bunch,1969,97.0,7.9,R,76628,12.06,Sam Peckinpah,"Action, Adventure, Western            "
691,Ray,2004,73.0,7.7,PG-13,136953,75.33,Taylor Hackford,"Biography, Drama, Music            "
692,Breaking the Waves,1996,76.0,7.8,R,61637,4.04,Lars von Trier,Drama            
693,My Left Foot,1989,97.0,7.9,R,66931,14.74,Jim Sheridan,"Biography, Drama            "
694,Loving Vincent,2017,62.0,7.8,PG-13,49438,6.74,Dorota Kobiela,"Animation, Biography, Crime            "
695,Touch of Evil,1958,99.0,8.0,PG-13,97534,2.24,Orson Welles,"Crime, Drama, Film-Noir            "
696,The Message,1976,,8.2,PG,43330,,Moustapha Akkad,"Biography, Drama, History            "
697,Bicycle Thieves,1948,,8.3,Not Rated,143620,0.33,Vittorio De Sica,Drama            
698,7 Kogustaki Mucize,2019,,8.3,,30618,,Mehmet Ada Öztekin,Drama            
699,Dead Man,1995,62.0,7.6,R,89359,1.04,Jim Jarmusch,"Adventure, Drama, Fantasy            "
700,Mr. Smith Goes to Washington,1939,73.0,8.1,Passed,105511,9.6,Frank Capra,"Comedy, Drama            "
701,East of Eden,1955,72.0,7.9,PG,39759,,Elia Kazan,Drama            
702,The Night of the Hunter,1955,99.0,8.0,Not Rated,80895,0.65,Charles Laughton,"Crime, Drama, Film-Noir            "
703,Three Colors: Blue,1993,85.0,7.9,R,87665,1.32,Krzysztof Kieslowski,"Drama, Music, Mystery            "
704,The Wave,2008,,7.6,Not Rated,101533,,Dennis Gansel,"Drama, Thriller            "
705,Pink Floyd: The Wall,1982,47.0,8.1,R,75312,22.24,Alan Parker,"Drama, Fantasy, Music            "
706,The Killing Fields,1984,76.0,7.8,R,50983,34.7,Roland Joffé,"Biography, Drama, History            "
707,The Celebration,1998,82.0,8.0,R,77033,1.65,Thomas Vinterberg,Drama            
708,Amour,2012,94.0,7.9,PG-13,91920,6.74,Michael Haneke,"Drama, Romance            "
709,Invasion of the Body Snatchers,1956,92.0,7.7,Not Rated,44345,,Don Siegel,"Drama, Horror, Sci-Fi            "
710,The Mirror,1975,,8.1,G,38894,0.18,Andrei Tarkovsky,"Biography, Drama            "
711,Notorious,1946,100.0,7.9,Not Rated,91218,10.46,Alfred Hitchcock,"Drama, Film-Noir, Romance            "
712,Perfect Strangers,2016,,7.8,,55456,,Paolo Genovese,"Comedy, Drama            "
713,It Happened One Night,1934,87.0,8.1,Approved,92391,4.36,Frank Capra,"Comedy, Romance            "
714,Happiness,1998,81.0,7.7,Unrated,65834,2.81,Todd Solondz,"Comedy, Drama            "
715,Fantasia,1940,96.0,7.7,G,87497,76.41,James Algar,"Animation, Family, Fantasy            "
716,Drishyam,2015,,8.2,Not Rated,67751,0.74,Nishikant Kamat,"Crime, Drama, Mystery            "
717,Hamlet,1996,,7.7,PG-13,35731,4.41,Kenneth Branagh,Drama            
718,Once,2007,88.0,7.8,R,109783,9.44,John Carney,"Drama, Music, Romance            "
719,The Chaser,2008,64.0,7.8,Not Rated,57174,,Hong-jin Na,"Action, Crime, Thriller            "
720,Rashomon,1950,98.0,8.2,Not Rated,150093,0.1,Akira Kurosawa,"Crime, Drama, Mystery            "
721,In a Lonely Place,1950,,8.0,Not Rated,25912,,Nicholas Ray,"Drama, Film-Noir, Mystery            "
722,Harold and Maude,1971,62.0,7.9,PG,70005,,Hal Ashby,"Comedy, Drama, Romance            "
723,Yojimbo,1961,,8.2,Not Rated,109203,,Akira Kurosawa,"Action, Drama, Thriller            "
724,Patton,1970,91.0,7.9,GP,92983,61.7,Franklin J. Schaffner,"Biography, Drama, War            "
725,Wild Strawberries,1957,88.0,8.2,Not Rated,94306,,Ingmar Bergman,"Drama, Romance            "
726,Paper Moon,1973,77.0,8.1,PG,41680,30.93,Peter Bogdanovich,"Comedy, Crime, Drama            "
727,The Quiet Man,1952,,7.7,Passed,34135,10.55,John Ford,"Comedy, Drama, Romance            "
728,Mysterious Skin,2004,73.0,7.6,Unrated,65419,0.7,Gregg Araki,Drama            
729,Neon Genesis Evangelion: The End of Evangelion,1997,,8.1,TV-14,37410,,Hideaki Anno,"Animation, Action, Drama            "
730,The Secret of NIMH,1982,76.0,7.6,G,35784,10.14,Don Bluth,"Animation, Adventure, Drama            "
731,Mary and Max,2009,,8.1,Not Rated,162463,,Adam Elliot,"Animation, Comedy, Drama            "
732,Sympathy for Mr. Vengeance,2002,56.0,7.6,R,61728,0.05,Chan-wook Park,"Crime, Drama, Thriller            "
733,Repulsion,1965,91.0,7.7,Not Rated,48305,,Roman Polanski,"Drama, Horror, Thriller            "
734,The Lion in Winter,1968,,7.9,PG,28643,22.28,Anthony Harvey,"Biography, Drama, History            "
735,The Man from Nowhere,2010,,7.8,R,61731,0.01,Jeong-beom Lee,"Action, Crime, Drama            "
736,Pride,2014,79.0,7.8,R,51070,,Matthew Warchus,"Biography, Comedy, Drama            "
737,Tangerines,2013,73.0,8.2,Not Rated,38586,0.14,Zaza Urushadze,"Drama, War            "
738,Diabolique,1955,,8.0,Not Rated,60898,,Henri-Georges Clouzot,"Crime, Drama, Horror            "
739,The Secret World of Arrietty,2010,80.0,7.6,G,78974,19.2,Hiromasa Yonebayashi,"Animation, Adventure, Family            "
740,Thank You for Smoking,2005,71.0,7.6,R,211772,24.79,Jason Reitman,"Comedy, Drama            "
741,Judgment at Nuremberg,1961,60.0,8.2,Approved,68307,,Stanley Kramer,"Drama, War            "
742,City Lights,1931,99.0,8.5,G,164916,0.02,Charles Chaplin,"Comedy, Drama, Romance            "
743,Manhattan,1979,83.0,7.9,R,130117,45.7,Woody Allen,"Comedy, Drama, Romance            "
744,Good Bye Lenin!,2003,68.0,7.7,R,136603,4.06,Wolfgang Becker,"Comedy, Drama, Romance            "
745,Open Your Eyes,1997,,7.7,R,63399,0.37,Alejandro Amenábar,"Drama, Mystery, Sci-Fi            "
746,"South Park: Bigger, Longer & Uncut",1999,73.0,7.7,R,190861,52.04,Trey Parker,"Animation, Comedy, Fantasy            "
747,La Vie En Rose,2007,66.0,7.6,PG-13,81913,10.3,Olivier Dahan,"Biography, Drama, Music            "
748,The Little Prince,2015,70.0,7.7,PG,55793,1.34,Mark Osborne,"Animation, Adventure, Drama            "
749,The Day the Earth Stood Still,1951,,7.7,G,75730,,Robert Wise,"Drama, Sci-Fi            "
750,Who's Afraid of Virginia Woolf?,1966,75.0,8.0,Not Rated,68307,,Mike Nichols,Drama            
751,Watership Down,1978,64.0,7.6,PG,33292,,Martin Rosen,"Animation, Adventure, Drama            "
752,Cape Fear,1962,76.0,7.7,Passed,26035,,J. Lee Thompson,"Drama, Thriller            "
753,Children of Heaven,1997,77.0,8.3,PG,63640,0.93,Majid Majidi,"Drama, Family, Sport            "
754,The Hurricane,1999,74.0,7.6,R,90643,50.67,Norman Jewison,"Biography, Drama, Sport            "
755,Belle de Jour,1967,,7.7,R,39578,0.03,Luis Buñuel,Drama            
756,The Philadelphia Story,1940,96.0,7.9,Not Rated,62625,,George Cukor,"Comedy, Romance            "
757,Contempt,1963,,7.6,Not Rated,28376,0.04,Jean-Luc Godard,"Drama, Romance            "
758,Three Colors: Red,1994,100.0,8.1,R,89037,4.04,Krzysztof Kieslowski,"Drama, Mystery, Romance            "
759,Vikram Vedha,2017,,8.6,Not Rated,25576,,Gayatri,"Action, Crime, Drama            "
760,Andrei Rublev,1966,,8.1,R,45700,0.1,Andrei Tarkovsky,"Biography, Drama, History            "
761,Loveless,2017,86.0,7.6,R,29013,0.57,Andrey Zvyagintsev,Drama            
762,Dead Man's Shoes,2004,52.0,7.6,Not Rated,48884,0.01,Shane Meadows,"Crime, Drama, Thriller            "
763,Stagecoach,1939,93.0,7.8,Passed,42828,,John Ford,"Adventure, Drama, Western            "
764,Delicatessen,1991,66.0,7.6,R,79669,1.79,Marc Caro,"Comedy, Crime            "
765,The Muppet Movie,1979,74.0,7.6,G,32233,76.66,James Frawley,"Adventure, Comedy, Family            "
766,Fallen Angels,1995,71.0,7.7,R,25310,,Kar-Wai Wong,"Comedy, Crime, Drama            "
767,High and Low,1963,,8.4,Not Rated,32677,,Akira Kurosawa,"Crime, Drama, Mystery            "
768,The 400 Blows,1959,,8.1,Not Rated,103240,,François Truffaut,"Crime, Drama            "
769,Ikiru,1952,,8.3,Not Rated,66784,0.06,Akira Kurosawa,Drama            
770,Whisper of the Heart,1995,75.0,7.9,G,50170,,Yoshifumi Kondô,"Animation, Drama, Family            "
771,Underground,1995,,8.1,Not Rated,54567,0.17,Emir Kusturica,"Comedy, Drama, War            "
772,Waking Life,2001,83.0,7.8,R,60214,2.89,Richard Linklater,"Animation, Drama, Fantasy            "
773,The Verdict,1982,77.0,7.7,R,35514,54.0,Sidney Lumet,Drama            
774,Wait Until Dark,1967,81.0,7.8,Not Rated,27407,17.55,Terence Young,Thriller            
775,Tokyo Story,1953,,8.2,Not Rated,51578,,Yasujirô Ozu,Drama            
776,The Legend of 1900,1998,58.0,8.1,R,58109,0.26,Giuseppe Tornatore,"Drama, Music, Romance            "
777,The Treasure of the Sierra Madre,1948,98.0,8.2,Passed,112671,5.01,John Huston,"Adventure, Drama, Western            "
778,Death Note,2006,,7.7,Not Rated,28387,,Shûsuke Kaneko,"Crime, Drama, Fantasy            "
779,The Day of the Jackal,1973,80.0,7.8,PG,36899,16.06,Fred Zinnemann,"Crime, Drama, Thriller            "
780,The Best Years of Our Lives,1946,93.0,8.0,Approved,56668,23.65,William Wyler,"Drama, Romance, War            "
781,3-Iron,2004,72.0,8.0,R,49385,0.24,Ki-duk Kim,"Crime, Drama, Romance            "
782,The Big Sleep,1946,,7.9,Not Rated,78007,6.54,Howard Hawks,"Crime, Film-Noir, Mystery            "
783,Cat on a Hot Tin Roof,1958,84.0,8.0,Not Rated,44372,17.57,Richard Brooks,Drama            
784,Hannah and Her Sisters,1986,90.0,7.9,PG-13,66343,40.08,Woody Allen,"Comedy, Drama            "
785,Miracle on 34th Street,1947,88.0,7.9,Not Rated,39294,2.65,George Seaton,"Comedy, Drama, Family            "
786,Short Cuts,1993,79.0,7.7,R,41888,6.11,Robert Altman,"Comedy, Drama            "
787,"Aguirre, the Wrath of God",1972,,7.9,Not Rated,51543,,Werner Herzog,"Action, Adventure, Biography            "
788,The Double Life of Véronique,1991,86.0,7.8,R,41291,2.0,Krzysztof Kieslowski,"Drama, Fantasy, Music            "
789,Laura,1944,,8.0,Passed,42127,4.36,Otto Preminger,"Drama, Film-Noir, Mystery            "
790,On Golden Pond,1981,68.0,7.6,PG,27263,119.29,Mark Rydell,Drama            
791,The Odd Couple,1968,86.0,7.7,G,31178,44.53,Gene Saks,Comedy            
792,His Girl Friday,1940,,7.9,Passed,52796,0.3,Howard Hawks,"Comedy, Drama, Romance            "
793,The Taking of Pelham One Two Three,1974,68.0,7.7,R,26119,,Joseph Sargent,"Action, Crime, Thriller            "
794,Infernal Affairs,2002,75.0,8.0,R,116998,0.17,Andrew Lau,"Action, Crime, Drama            "
795,"Spring, Summer, Fall, Winter... and Spring",2003,85.0,8.0,R,76247,2.38,Ki-duk Kim,"Drama, Romance            "
796,Hedwig and the Angry Inch,2001,85.0,7.7,R,31686,3.03,John Cameron Mitchell,"Comedy, Drama, Music            "
797,Fitzcarraldo,1982,,8.1,PG,30963,,Werner Herzog,"Adventure, Drama            "
798,The White Ribbon,2009,82.0,7.8,R,67904,2.22,Michael Haneke,"Drama, History, Mystery            "
799,Talk to Her,2002,86.0,7.9,R,103591,9.28,Pedro Almodóvar,"Drama, Mystery, Romance            "
800,Control,2007,78.0,7.7,R,61040,0.87,Anton Corbijn,"Biography, Drama, Music            "
801,Philomena,2013,77.0,7.6,PG-13,93365,37.71,Stephen Frears,"Biography, Comedy, Drama            "
802,The African Queen,1951,91.0,7.7,PG,70689,0.54,John Huston,"Adventure, Drama, Romance            "
803,The Battle of Algiers,1966,96.0,8.1,Not Rated,51951,0.06,Gillo Pontecorvo,"Drama, War            "
804,The Muppet Christmas Carol,1992,64.0,7.7,G,46666,27.28,Brian Henson,"Comedy, Drama, Family            "
805,Elite Squad,2007,33.0,8.1,R,97195,0.01,José Padilha,"Action, Crime, Drama            "
806,When Marnie Was There,2014,72.0,7.7,PG,31539,0.77,James Simone,"Animation, Drama, Family            "
807,Shadow of a Doubt,1943,94.0,7.8,PG,58621,,Alfred Hitchcock,"Film-Noir, Thriller            "
808,The Long Goodbye,1973,87.0,7.6,R,25661,0.96,Robert Altman,"Comedy, Crime, Drama            "
809,A Very Long Engagement,2004,76.0,7.6,R,70462,6.17,Jean-Pierre Jeunet,"Drama, Mystery, Romance            "
810,Land of Mine,2015,75.0,7.8,R,34558,0.44,Martin Zandvliet,"Drama, History, War            "
811,Kal ho naa ho,2003,54.0,8.0,Not Rated,62544,1.79,Nikkhil Advani,"Comedy, Drama, Musical            "
812,The Grapes of Wrath,1940,96.0,8.0,Passed,85004,0.06,John Ford,"Drama, History            "
813,Gully Boy,2019,65.0,8.1,Not Rated,30573,5.57,Zoya Akhtar,"Drama, Music            "
814,All About My Mother,1999,87.0,7.8,R,87996,8.26,Pedro Almodóvar,Drama            
815,The Diving Bell and the Butterfly,2007,92.0,8.0,PG-13,102502,5.99,Julian Schnabel,"Biography, Drama            "
816,The Kid,1921,,8.3,Passed,110973,5.45,Charles Chaplin,"Comedy, Drama, Family            "
817,Out of the Past,1947,,8.0,Not Rated,32241,,Jacques Tourneur,"Crime, Drama, Film-Noir            "
818,Porco Rosso,1992,83.0,7.7,PG,75669,,Hayao Miyazaki,"Animation, Adventure, Comedy            "
819,The Tale of The Princess Kaguya,2013,89.0,8.0,PG,37342,1.51,Isao Takahata,"Animation, Adventure, Drama            "
820,Withnail & I,1987,84.0,7.7,R,39757,1.54,Bruce Robinson,"Comedy, Drama            "
821,"I, Daniel Blake",2016,78.0,7.9,R,52435,0.26,Ken Loach,Drama            
822,All Quiet on the Western Front,1930,91.0,8.0,Passed,56745,3.27,Lewis Milestone,"Drama, War            "
823,The Salesman,2016,85.0,7.8,PG-13,49743,2.4,Asghar Farhadi,"Drama, Thriller            "
824,A Prophet,2009,90.0,7.9,R,92616,2.08,Jacques Audiard,"Crime, Drama            "
825,The Experiment,2001,60.0,7.7,R,90303,0.14,Oliver Hirschbiegel,"Drama, Thriller            "
826,The Adventures of Robin Hood,1938,97.0,7.9,PG,46694,3.98,Michael Curtiz,"Action, Adventure, Romance            "
827,Leviathan,2014,92.0,7.6,R,48598,1.09,Andrey Zvyagintsev,"Crime, Drama            "
828,Night on Earth,1991,68.0,7.8,R,54519,2.02,Jim Jarmusch,"Comedy, Drama            "
829,The Secret of Kells,2009,81.0,7.6,Not Rated,30769,0.69,Tomm Moore,"Animation, Adventure, Family            "
830,Secrets & Lies,1996,91.0,8.0,R,36904,13.42,Mike Leigh,"Comedy, Drama            "
831,The Conformist,1970,100.0,8.0,R,26490,0.54,Bernardo Bertolucci,Drama            
832,The Circus,1928,90.0,8.1,Passed,28932,,Charles Chaplin,"Comedy, Romance            "
833,Fearless,2006,70.0,7.6,PG-13,72374,24.63,Ronny Yu,"Action, Biography, Drama            "
834,Stalag 17,1953,84.0,8.0,Not Rated,50628,,Billy Wilder,"Comedy, Drama, War            "
835,A Man for All Seasons,1966,72.0,7.7,G,30827,28.35,Fred Zinnemann,"Biography, Drama, History            "
836,Three Colors: White,1994,88.0,7.6,R,62828,1.46,Krzysztof Kieslowski,"Comedy, Drama, Romance            "
837,My Name Is Khan,2010,50.0,8.0,PG-13,97360,4.02,Karan Johar,Drama            
838,Evil,2003,61.0,7.8,Not Rated,35316,0.02,Mikael Håfström,Drama            
839,The Lady Vanishes,1938,,7.8,Not Rated,46690,,Alfred Hitchcock,"Mystery, Thriller            "
840,Rififi,1955,97.0,8.2,Not Rated,27517,0.06,Jules Dassin,"Crime, Drama, Thriller            "
841,The World's Fastest Indian,2005,68.0,7.8,PG-13,51534,5.13,Roger Donaldson,"Biography, Drama, Sport            "
842,The Broken Circle Breakdown,2012,70.0,7.8,Not Rated,38931,0.18,Felix van Groeningen,"Drama, Music, Romance            "
843,A Hard Day's Night,1964,96.0,7.6,G,39826,13.78,Richard Lester,"Comedy, Music, Musical            "
844,The Sea Inside,2004,74.0,8.0,PG-13,76812,2.09,Alejandro Amenábar,"Biography, Drama            "
845,Lagaan: Once Upon a Time in India,2001,84.0,8.1,PG,103524,0.07,Ashutosh Gowariker,"Adventure, Drama, Musical            "
846,The Motorcycle Diaries,2004,75.0,7.8,R,95891,16.76,Walter Salles,"Adventure, Biography, Drama            "
847,The Thin Man,1934,86.0,8.0,TV-PG,26025,,W.S. Van Dyke,"Comedy, Crime, Mystery            "
848,The Wages of Fear,1953,85.0,8.1,Not Rated,53626,,Henri-Georges Clouzot,"Adventure, Drama, Thriller            "
849,Mustang,2015,83.0,7.6,PG-13,35079,0.85,Deniz Gamze Ergüven,Drama            
850,The Bandit,1996,,8.2,,62818,,Yavuz Turgul,"Crime, Drama, Thriller            "
851,Le Samouraï,1967,,8.1,GP,44571,0.04,Jean-Pierre Melville,"Crime, Drama, Mystery            "
852,The 39 Steps,1935,93.0,7.6,Not Rated,51069,,Alfred Hitchcock,"Mystery, Thriller            "
853,Amarcord,1973,,7.9,R,39272,,Federico Fellini,"Comedy, Drama            "
854,Ninja Scroll,1993,,7.9,Not Rated,34132,,Yoshiaki Kawajiri,"Animation, Action, Adventure            "
855,Head-On,2004,78.0,7.9,R,50716,,Fatih Akin,"Drama, Romance            "
856,Sleuth,1972,,8.0,PG,44369,4.08,Joseph L. Mankiewicz,"Mystery, Thriller            "
857,Ayla: The Daughter of War,2017,,8.4,,32917,,Can Ulkay,"Biography, Drama, History            "
858,Crimes and Misdemeanors,1989,77.0,7.9,PG-13,54007,18.25,Woody Allen,"Comedy, Drama            "
859,My Father and My Son,2005,,8.3,,77240,,Çagan Irmak,"Drama, Family            "
860,To Have and Have Not,1944,,7.8,Passed,30584,,Howard Hawks,"Adventure, Comedy, Film-Noir            "
861,The Red Shoes,1948,,8.1,Not Rated,30346,10.9,Michael Powell,"Drama, Music, Romance            "
862,Gilda,1946,,7.7,Not Rated,27540,,Charles Vidor,"Drama, Film-Noir, Romance            "
863,The Hidden Fortress,1958,,8.1,Not Rated,33952,,Akira Kurosawa,"Adventure, Drama            "
864,In a Better World,2010,65.0,7.6,R,38197,1.01,Susanne Bier,"Drama, Romance            "
865,Wolf Children,2012,71.0,8.1,PG,37897,,Mamoru Hosoda,"Animation, Drama, Family            "
866,The Station Agent,2003,81.0,7.6,R,66909,5.74,Tom McCarthy,"Comedy, Drama            "
867,Once Upon a Time in Anatolia,2011,82.0,7.9,Not Rated,40529,0.14,Nuri Bilge Ceylan,"Crime, Drama            "
868,Ace in the Hole,1951,72.0,8.1,Approved,30992,3.97,Billy Wilder,"Drama, Film-Noir            "
869,Ivan's Childhood,1962,,8.1,Not Rated,30830,,Andrei Tarkovsky,"Drama, War            "
870,To Be or Not to Be,1942,86.0,8.2,Passed,28633,,Ernst Lubitsch,"Comedy, War            "
871,The Passion of Joan of Arc,1928,,8.1,Passed,46585,0.02,Carl Theodor Dreyer,"Biography, Drama, History            "
872,My Sassy Girl,2001,,8.0,Not Rated,44994,,Jae-young Kwak,"Comedy, Drama, Romance            "
873,Shine,1996,87.0,7.7,PG-13,50850,35.81,Scott Hicks,"Biography, Drama, Music            "
874,Throne of Blood,1957,,8.1,Not Rated,45772,,Akira Kurosawa,"Drama, History            "
875,Zindagi Na Milegi Dobara,2011,,8.1,Not Rated,66484,3.11,Zoya Akhtar,"Comedy, Drama            "
876,Sweet Smell of Success,1957,100.0,8.1,Approved,27585,,Alexander Mackendrick,"Drama, Film-Noir            "
877,Joint Security Area,2000,58.0,7.8,Not Rated,25965,,Chan-wook Park,"Action, Drama, Thriller            "
878,After the Wedding,2006,78.0,7.7,R,31612,0.41,Susanne Bier,Drama            
879,"Black Cat, White Cat",1998,73.0,8.1,R,50228,0.35,Emir Kusturica,"Comedy, Crime, Romance            "
880,Persepolis,2007,90.0,8.0,PG-13,87687,4.45,Vincent Paronnaud,"Animation, Biography, Drama            "
881,Cowboy Bebop: The Movie,2001,61.0,7.9,,42360,1.0,Shin'ichirô Watanabe,"Animation, Action, Crime            "
882,Confessions,2010,,7.8,Not Rated,35215,,Tetsuya Nakashima,"Drama, Thriller            "
883,Lilya 4-Ever,2002,82.0,7.8,R,42215,0.18,Lukas Moodysson,"Crime, Drama            "
884,The General,1926,,8.1,Passed,79731,1.03,Clyde Bruckman,"Action, Adventure, Comedy            "
885,Kind Hearts and Coronets,1949,,8.0,Not Rated,34044,,Robert Hamer,"Comedy, Crime            "
886,Rang De Basanti,2006,,8.2,Not Rated,110190,2.2,Rakeysh Omprakash Mehra,"Comedy, Drama            "
887,The Return,2003,82.0,8.0,Not Rated,41788,0.5,Andrey Zvyagintsev,Drama            
888,Kagemusha,1980,84.0,8.0,PG,31678,,Akira Kurosawa,"Drama, History, War            "
889,L'Avventura,1960,,7.9,Not Rated,26021,,Michelangelo Antonioni,"Drama, Mystery            "
890,No Man's Land,2001,84.0,7.9,R,44213,1.06,Danis Tanovic,"Comedy, Drama, War            "
891,Love Me If You Dare,2003,45.0,7.6,R,66805,0.55,Yann Samuell,"Comedy, Drama, Romance            "
892,Darbareye Elly,2009,87.0,8.0,TV-PG,44522,0.11,Asghar Farhadi,"Drama, Mystery, Thriller            "
893,La Strada,1954,,8.0,Not Rated,57530,,Federico Fellini,Drama            
894,"4 Months, 3 Weeks and 2 Days",2007,97.0,7.9,Not Rated,55937,1.19,Cristian Mungiu,Drama            
895,Bhaag Milkha Bhaag,2013,,8.2,Not Rated,60139,1.63,Rakeysh Omprakash Mehra,"Biography, Drama, Sport            "
896,The Lunchbox,2013,76.0,7.8,PG,49598,4.23,Ritesh Batra,"Drama, Romance            "
897,Raise the Red Lantern,1991,,8.1,PG,29134,2.6,Yimou Zhang,"Drama, History, Romance            "
898,Chhichhore,2019,,8.2,,31214,0.9,Nitesh Tiwari,"Comedy, Drama            "
899,Duck You Sucker,1971,77.0,7.6,PG,29644,0.7,Sergio Leone,"Drama, War, Western            "
900,Cries & Whispers,1972,,8.1,R,29558,1.74,Ingmar Bergman,Drama            
901,Bringing Up Baby,1938,91.0,7.9,Passed,54344,,Howard Hawks,"Comedy, Family, Romance            "
902,The Gold Rush,1925,,8.2,Passed,99050,5.45,Charles Chaplin,"Adventure, Comedy, Drama            "
903,Hard Boiled,1992,,7.8,R,46246,,John Woo,"Action, Crime, Thriller            "
904,The Ladykillers,1955,91.0,7.7,Not Rated,25891,,Alexander Mackendrick,"Comedy, Crime            "
905,Adam's Apples,2005,51.0,7.8,R,44896,0.0,Anders Thomas Jensen,"Comedy, Crime, Drama            "
906,Joyeux Noel,2005,70.0,7.7,PG-13,27277,1.05,Christian Carion,"Drama, History, Music            "
907,Swades,2004,,8.2,Not Rated,81996,1.22,Ashutosh Gowariker,Drama            
908,The Girl Who Leapt Through Time,2006,,7.7,TV-PG,59368,,Mamoru Hosoda,"Animation, Adventure, Comedy            "
909,Departures,2008,68.0,8.1,PG-13,48039,1.5,Yôjirô Takita,"Drama, Music            "
910,Bajrangi Bhaijaan,2015,,8.0,Not Rated,70775,8.18,Kabir Khan,"Action, Adventure, Comedy            "
911,Veer-Zaara,2004,67.0,7.8,Not Rated,48288,2.92,Yash Chopra,"Drama, Family, Musical            "
912,Celda 211,2009,,7.6,,63285,,Daniel Monzón,"Action, Adventure, Crime            "
913,Only Yesterday,1991,90.0,7.6,PG,26138,0.45,Isao Takahata,"Animation, Drama, Romance            "
914,Jules and Jim,1962,97.0,7.8,Not Rated,36948,,François Truffaut,"Drama, Romance            "
915,The Chorus,2004,56.0,7.9,PG-13,56706,3.64,Christophe Barratier,"Drama, Music            "
916,Uri: The Surgical Strike,2018,,8.3,Not Rated,42111,4.19,Aditya Dhar,"Action, Drama, War            "
917,Batman: Mask of the Phantasm,1993,,7.8,PG,43029,5.62,Kevin Altieri,"Animation, Action, Crime            "
918,Battleship Potemkin,1925,97.0,8.0,Not Rated,52350,0.05,Sergei M. Eisenstein,"Drama, History, Thriller            "
919,The Discreet Charm of the Bourgeoisie,1972,93.0,7.9,PG,37892,0.2,Luis Buñuel,Comedy            
920,Brief Encounter,1945,92.0,8.0,Not Rated,34949,,David Lean,"Drama, Romance            "
921,Au Revoir les Enfants,1987,88.0,8.0,PG,30764,4.54,Louis Malle,"Drama, War            "
922,G.O.R.A.,2004,,8.0,,55784,,Ömer Faruk Sorak,"Adventure, Comedy, Sci-Fi            "
923,Talvar,2015,,8.2,Not Rated,30455,0.34,Meghna Gulzar,"Crime, Drama, Mystery            "
924,Duck Soup,1933,93.0,7.8,Not Rated,55101,,Leo McCarey,"Comedy, Musical, War            "
925,Harvey,1950,,7.9,Approved,52202,,Henry Koster,"Comedy, Drama, Fantasy            "
926,Dil Chahta Hai,2001,,8.1,Not Rated,65951,0.3,Farhan Akhtar,"Comedy, Drama, Romance            "
927,The Exterminating Angel,1962,,8.1,Not Rated,29197,,Luis Buñuel,"Drama, Fantasy            "
928,The Magdalene Sisters,2002,83.0,7.7,R,25732,4.89,Peter Mullan,Drama            
929,Lupin the 3rd: Castle of Cagliostro,1979,71.0,7.7,PG-13,26326,,Hayao Miyazaki,"Animation, Adventure, Family            "
930,Key Largo,1948,,7.8,Not Rated,36600,,John Huston,"Action, Crime, Drama            "
931,Vivre Sa Vie,1962,,8.0,Not Rated,27318,,Jean-Luc Godard,Drama            
932,The Purple Rose of Cairo,1985,75.0,7.7,PG,46557,10.63,Woody Allen,"Comedy, Fantasy, Romance            "
933,Interstate 60: Episodes of the Road,2002,,7.7,R,29627,,Bob Gale,"Adventure, Comedy, Drama            "
934,Inherit the Wind,1960,75.0,8.1,Passed,26945,,Stanley Kramer,"Biography, Drama, History            "
935,Sunrise,1927,,8.1,Passed,46422,0.54,F.W. Murnau,"Drama, Romance            "
936,The Virgin Spring,1960,,8.1,Not Rated,26295,1.53,Ingmar Bergman,Drama            
937,Anand,1971,,8.4,Not Rated,29136,,Hrishikesh Mukherjee,"Drama, Musical            "
938,Vampire Hunter D: Bloodlust,2000,62.0,7.7,R,28897,0.15,Yoshiaki Kawajiri,"Animation, Action, Fantasy            "
939,The Shop Around the Corner,1940,96.0,8.1,Not Rated,27142,0.2,Ernst Lubitsch,"Comedy, Drama, Romance            "
940,Tokyo Godfathers,2003,73.0,7.8,PG-13,30350,0.13,Satoshi Kon,"Animation, Adventure, Comedy            "
941,Down by Law,1986,75.0,7.8,R,47257,1.44,Jim Jarmusch,"Comedy, Crime, Drama            "
942,Jab We Met,2007,,7.9,Not Rated,46941,0.41,Imtiaz Ali,"Comedy, Drama, Romance            "
943,Badhaai Ho,2018,,8.0,Not Rated,26945,,Amit Ravindernath Sharma,"Comedy, Drama            "
944,Baahubali 2: The Conclusion,2017,,8.2,Not Rated,73542,20.19,S.S. Rajamouli,"Action, Drama            "
945,Nights of Cabiria,1957,,8.1,Not Rated,42277,0.75,Federico Fellini,Drama            
946,Pink,2016,,8.1,Not Rated,38261,1.24,Aniruddha Roy Chowdhury,"Drama, Thriller            "
947,Hiroshima Mon Amour,1959,,7.9,Not Rated,27841,0.09,Alain Resnais,"Drama, Romance            "
948,Barfi!,2012,,8.1,Not Rated,74676,2.8,Anurag Basu,"Comedy, Drama, Romance            "
949,Haider,2014,,8.1,Not Rated,49809,0.9,Vishal Bhardwaj,"Action, Crime, Drama            "
950,Il Postino,1994,81.0,7.7,PG,33159,21.85,Michael Radford,"Biography, Comedy, Drama            "
951,Lifeboat,1944,78.0,7.6,Not Rated,26141,,Alfred Hitchcock,"Drama, War            "
952,Elite Squad 2: The Enemy Within,2010,71.0,8.0,Not Rated,78601,0.1,José Padilha,"Action, Crime, Drama            "
953,In America,2002,76.0,7.7,PG-13,40215,15.54,Jim Sheridan,Drama            
954,The Visitor,2007,79.0,7.6,PG-13,41331,9.42,Tom McCarthy,Drama            
955,The Past,2013,85.0,7.8,PG-13,44475,1.33,Asghar Farhadi,"Drama, Mystery            "
956,Fireworks,1997,,7.8,,27295,0.23,Takeshi Kitano,"Crime, Drama, Romance            "
957,Queen,2013,,8.2,Not Rated,59992,1.43,Vikas Bahl,"Adventure, Comedy, Drama            "
958,The Triplets of Belleville,2003,91.0,7.8,PG-13,50197,7.0,Sylvain Chomet,"Animation, Comedy, Drama            "
959,Sherlock Jr.,1924,,8.2,Passed,40667,0.98,Buster Keaton,"Action, Comedy, Romance            "
960,La Grande Illusion,1937,,8.1,Not Rated,33425,0.17,Jean Renoir,"Drama, War            "
961,Sanjuro,1962,,8.1,Not Rated,32181,,Akira Kurosawa,"Action, Comedy, Crime            "
962,The Lost Weekend,1945,,7.9,Not Rated,33088,9.46,Billy Wilder,"Drama, Film-Noir            "
963,White Heat,1949,,8.1,Not Rated,29293,,Raoul Walsh,"Action, Crime, Drama            "
964,The Killer,1989,82.0,7.8,R,45266,,John Woo,"Action, Crime, Drama            "
965,Knockin' on Heaven's Door,1997,,8.0,Not Rated,27307,0.0,Thomas Jahn,"Action, Crime, Comedy            "
966,Love and Death,1975,89.0,7.7,PG,35565,,Woody Allen,"Comedy, War            "
967,A Night at the Opera,1935,,7.9,Passed,30215,2.54,Sam Wood,"Comedy, Music, Musical            "
968,Kahaani,2012,,8.1,Not Rated,56986,1.04,Sujoy Ghosh,"Mystery, Thriller            "
969,Tae Guk Gi: The Brotherhood of War,2004,64.0,8.1,R,37543,1.11,Je-kyu Kang,"Action, Drama, War            "
970,A Wednesday,2008,,8.1,Not Rated,73134,,Neeraj Pandey,"Action, Crime, Drama            "
971,Nine Queens,2000,80.0,7.9,R,49202,1.22,Fabián Bielinsky,"Crime, Drama, Thriller            "
972,Sholay,1975,,8.2,Not Rated,50644,,Ramesh Sippy,"Action, Adventure, Comedy            "
973,Hera Pheri,2000,,8.2,Not Rated,55800,,Priyadarshan,"Action, Comedy, Crime            "
974,Central Station,1998,80.0,8.0,R,35836,5.6,Walter Salles,Drama            
975,The Rules of the Game,1939,,8.0,Not Rated,26348,,Jean Renoir,"Comedy, Drama            "
976,Udaan,2010,,8.2,Not Rated,41880,0.01,Vikramaditya Motwane,Drama            
977,C.R.A.Z.Y.,2005,81.0,7.9,Not Rated,31295,,Jean-Marc Vallée,"Comedy, Drama            "
978,Chak De! India,2007,68.0,8.2,Not Rated,72970,1.11,Shimit Amin,"Drama, Family, Sport            "
979,Baby,2015,,8.0,Not Rated,52160,,Neeraj Pandey,"Action, Thriller            "
980,Black,2005,,8.2,Not Rated,33076,0.73,Sanjay Leela Bhansali,Drama            
981,Zelig,1983,,7.7,PG,39484,11.8,Woody Allen,Comedy            
982,Paan Singh Tomar,2012,,8.2,Not Rated,32732,0.04,Tigmanshu Dhulia,"Action, Biography, Crime            "
983,Kai Po Che,2013,40.0,7.7,Not Rated,31400,1.12,Abhishek Kapoor,"Drama, Sport            "
984,Le Dîner de Cons,1998,73.0,7.7,PG-13,36905,4.07,Francis Veber,Comedy            
985,The Edge of Heaven,2007,85.0,7.8,Not Rated,30530,0.74,Fatih Akin,Drama            
986,Special 26,2013,,8.0,Not Rated,50212,1.08,Neeraj Pandey,"Crime, Drama, Thriller            "
987,Dev.D,2009,,8.0,Not Rated,28413,0.01,Anurag Kashyap,"Drama, Romance            "
988,Airlift,2016,,8.0,Not Rated,52286,,Raja Menon,"Drama, History            "
989,Udta Punjab,2016,,7.8,TV-MA,26649,,Abhishek Chaubey,"Action, Crime, Drama            "
990,OMG: Oh My God!,2012,,8.1,Not Rated,50532,0.92,Umesh Shukla,"Comedy, Drama, Fantasy            "
991,Rockstar,2011,,7.7,Not Rated,38734,0.99,Imtiaz Ali,"Drama, Music, Musical            "
992,Vicky Donor,2012,,7.8,Not Rated,39198,0.17,Shoojit Sircar,"Comedy, Romance            "
993,Munna Bhai M.B.B.S.,2003,,8.1,Not Rated,72737,,Rajkumar Hirani,"Comedy, Drama, Musical            "
994,Lage Raho Munna Bhai,2006,,8.1,PG-13,42383,2.22,Rajkumar Hirani,"Comedy, Drama, Romance            "
995,Vizontele,2001,,8.0,,32711,,Yilmaz Erdogan,"Comedy, Drama            "
996,The Breath,2009,,8.0,,31449,,Levent Semerci,"Action, Drama, Thriller            "
997,Andaz Apna Apna,1994,,8.2,PG,48709,,Rajkumar Santoshi,"Comedy, Romance            "
998,Drishyam,2013,,8.3,Not Rated,30112,,Jeethu Joseph,"Crime, Drama, Thriller            "
999,English Vinglish,2012,,7.8,Not Rated,33072,1.67,Gauri Shinde,"Comedy, Drama, Family            "
